Time t / s,Events N,Channel n,Energy E / keV,Voltage U / V, gain (unitless)
0,0,0,0,691.453125, -9
0.101,0,1,1,691.453125
0.201,0,2,2,691.841145833333
0.301,0,3,3,692.229166666667
0.4,0,4,4,692.6171875
0.501,0,5,5,692.6171875
0.601,0,6,6,692.6171875
0.701,0,7,7,692.6171875
0.802,0,8,8,692.6171875
0.9,0,9,9,692.6171875
1.001,0,10,10,693.005208333333
1.101,1,11,11,695.333333333333
1.2,2,12,12,695.333333333333
1.301,3,13,13,695.333333333333
1.4,3,14,14,694.9453125
1.501,0,15,15,694.9453125
1.6,4,16,16,697.2734375
1.7,3,17,17,697.2734375
1.801,0,18,18,697.2734375
1.901,3,19,19,697.2734375
2.001,0,20,20,694.9453125
2.1,7,21,21,692.6171875
2.201,0,22,22,692.6171875
2.301,6,23,23,692.6171875
2.401,5,24,24,694.169270833333
2.501,3,25,25,695.721354166667
2.601,5,26,26,694.169270833333
2.701,5,27,27,694.557291666667
2.801,5,28,28,694.9453125
2.9,6,29,29,694.9453125
3.001,10,30,30,694.9453125
3.1,10,31,31,694.9453125
3.201,11,32,32,694.9453125
3.301,3,33,33,694.9453125
3.401,11,34,34,694.9453125
3.5,8,35,35,698.4375
3.601,14,36,36,698.4375
3.701,10,37,37,702.317708333333
3.801,9,38,38,702.317708333333
3.901,6,39,39,702.317708333333
4,11,40,40,702.317708333333
4.101,4,41,41,703.869791666667
4.201,7,42,42,703.869791666667
4.301,5,43,43,703.869791666667
4.4,6,44,44,699.213541666667
4.501,7,45,45,695.333333333333
4.6,1,46,46,695.333333333333
4.701,1,47,47,693.78125
4.801,5,48,48,693.78125
4.9,2,49,49,693.78125
5,3,50,50,693.78125
5.101,3,51,51,693.393229166667
5.201,2,52,52,693.78125
5.3,0,53,53,693.78125
5.401,2,54,54,693.78125
5.501,0,55,55,693.78125
5.6,2,56,56,693.393229166667
5.701,3,57,57,693.005208333333
5.801,1,58,58,694.9453125
5.901,1,59,59,694.9453125
6,5,60,60,694.9453125
6.101,2,61,61,694.9453125
6.201,0,62,62,692.6171875
6.301,0,63,63,692.6171875
6.4,2,64,64,692.6171875
6.5,5,65,65,692.6171875
6.601,1,66,66,692.6171875
6.701,1,67,67,692.6171875
6.8,0,68,68,692.6171875
6.901,2,69,69,692.6171875
7.001,0,70,70,692.6171875
7.1,0,71,71,692.6171875
7.2,0,72,72,692.6171875
7.301,1,73,73,692.6171875
7.401,2,74,74,692.6171875
7.502,1,75,75,692.6171875
7.601,1,76,76,692.6171875
7.701,2,77,77,692.6171875
7.801,4,78,78,693.393229166667
7.9,0,79,79,692.6171875
8.001,1,80,80,692.6171875
8.101,1,81,81,692.6171875
8.201,2,82,82,692.6171875
8.3,4,83,83,692.6171875
8.401,1,84,84,693.005208333333
8.501,6,85,85,693.005208333333
8.601,3,86,86,693.393229166667
8.7,0,87,87,693.393229166667
8.801,2,88,88,693.005208333333
8.901,0,89,89,693.005208333333
9.001,2,90,90,693.005208333333
9.1,1,91,91,693.005208333333
9.2,3,92,92,693.005208333333
9.301,0,93,93,693.005208333333
9.4,2,94,94,692.6171875
9.5,2,95,95,693.005208333333
9.601,4,96,96,692.6171875
9.7,4,97,97,692.6171875
9.801,3,98,98,693.393229166667
9.901,2,99,99,693.393229166667
10.001,0,100,100,693.393229166667
10.1,3,101,101,693.393229166667
10.2,3,102,102,693.393229166667
10.301,4,103,103,695.721354166667
10.401,3,104,104,695.721354166667
10.5,3,105,105,697.661458333333
10.601,0,106,106,697.661458333333
10.701,3,107,107,697.661458333333
10.801,7,108,108,695.333333333333
10.901,5,109,109,695.721354166667
11,2,110,110,697.661458333333
11.101,3,111,111,697.661458333333
11.201,0,112,112,697.661458333333
11.301,1,113,113,697.661458333333
11.4,5,114,114,697.661458333333
11.501,1,115,115,696.497395833333
11.601,3,116,116,699.213541666667
11.7,3,117,117,699.213541666667
11.801,3,118,118,699.989583333333
11.901,5,119,119,699.989583333333
12.001,5,120,120,699.6015625
12.1,5,121,121,699.6015625
12.201,3,122,122,699.6015625
12.301,5,123,123,697.661458333333
12.401,3,124,124,697.661458333333
12.5,8,125,125,696.497395833333
12.601,7,126,126,694.9453125
12.701,6,127,127,694.9453125
12.801,8,128,128,693.78125
12.9,6,129,129,693.78125
13.001,6,130,130,693.78125
13.101,13,131,131,693.393229166667
13.2,7,132,132,692.6171875
13.3,6,133,133,692.6171875
13.401,12,134,134,693.005208333333
13.501,16,135,135,693.005208333333
13.6,12,136,136,693.005208333333
13.7,17,137,137,693.005208333333
13.801,11,138,138,693.005208333333
13.901,31,139,139,693.005208333333
14,24,140,140,693.393229166667
14.1,22,141,141,693.393229166667
14.2,29,142,142,693.393229166667
14.3,34,143,143,693.393229166667
14.401,49,144,144,693.005208333333
14.5,43,145,145,693.005208333333
14.601,65,146,146,692.6171875
14.701,75,147,147,692.6171875
14.8,77,148,148,692.6171875
14.901,79,149,149,692.6171875
15.001,109,150,150,692.6171875
15.101,98,151,151,692.6171875
15.2,103,152,152,692.6171875
15.301,129,153,153,692.6171875
15.399,118,154,154,692.6171875
15.501,144,155,155,692.6171875
15.601,118,156,156,692.6171875
15.701,124,157,157,692.6171875
15.8,140,158,158,692.6171875
15.901,147,159,159,692.6171875
16.001,153,160,160,692.6171875
16.101,156,161,161,692.6171875
16.2,173,162,162,692.6171875
16.301,168,163,163,692.6171875
16.401,156,164,164,692.6171875
16.501,154,165,165,692.6171875
16.6,156,166,166,692.6171875
16.7,140,167,167,692.6171875
16.801,124,168,168,693.005208333333
16.901,125,169,169,693.005208333333
17,153,170,170,693.393229166667
17.101,126,171,171,693.393229166667
17.201,105,172,172,693.78125
17.301,113,173,173,693.78125
17.401,107,174,174,693.78125
17.5,111,175,175,693.393229166667
17.6,84,176,176,693.393229166667
17.701,82,177,177,693.393229166667
17.801,87,178,178,693.005208333333
17.9,58,179,179,694.169270833333
18.001,59,180,180,693.78125
18.101,65,181,181,693.78125
18.201,54,182,182,692.6171875
18.301,55,183,183,692.6171875
18.4,50,184,184,692.6171875
18.501,36,185,185,692.6171875
18.601,38,186,186,692.6171875
18.701,44,187,187,692.6171875
18.801,44,188,188,692.6171875
18.9,28,189,189,692.6171875
19.001,30,190,190,692.6171875
19.101,22,191,191,692.6171875
19.2,12,192,192,692.6171875
19.3,24,193,193,692.6171875
19.401,12,194,194,692.6171875
19.501,18,195,195,692.6171875
19.6,23,196,196,692.6171875
19.701,18,197,197,693.005208333333
19.801,13,198,198,693.005208333333
19.901,11,199,199,693.005208333333
20,10,200,200,693.005208333333
20.101,9,201,201,693.005208333333
20.201,5,202,202,693.005208333333
20.301,10,203,203,693.005208333333
20.4,12,204,204,693.005208333333
20.501,8,205,205,693.393229166667
20.601,6,206,206,693.393229166667
20.701,4,207,207,693.005208333333
20.8,3,208,208,693.78125
20.9,3,209,209,693.78125
21.001,3,210,210,694.9453125
21.101,7,211,211,696.109375
21.2,7,212,212,696.109375
21.3,4,213,213,696.109375
21.401,4,214,214,697.661458333333
21.501,3,215,215,696.885416666667
21.6,5,216,216,696.885416666667
21.701,0,217,217,696.885416666667
21.801,1,218,218,696.885416666667
21.901,2,219,219,696.885416666667
22.001,3,220,220,696.109375
22.101,5,221,221,694.169270833333
22.2,1,222,222,694.9453125
22.301,1,223,223,694.9453125
22.401,4,224,224,693.78125
22.5,4,225,225,693.005208333333
22.601,5,226,226,693.393229166667
22.7,0,227,227,693.78125
22.801,2,228,228,693.78125
22.901,4,229,229,693.78125
23,4,230,230,694.557291666667
23.1,3,231,231,694.557291666667
23.201,1,232,232,693.78125
23.301,0,233,233,693.78125
23.4,3,234,234,696.109375
23.5,2,235,235,696.109375
23.601,4,236,236,696.109375
23.701,1,237,237,695.721354166667
23.8,4,238,238,695.333333333333
23.901,5,239,239,695.721354166667
24.001,0,240,240,693.005208333333
24.101,2,241,241,694.169270833333
24.2,5,242,242,695.333333333333
24.3,5,243,243,695.333333333333
24.401,3,244,244,694.557291666667
24.501,4,245,245,694.557291666667
24.6,1,246,246,694.557291666667
24.701,4,247,247,694.557291666667
24.801,2,248,248,694.557291666667
24.9,4,249,249,694.169270833333
25,9,250,250,694.557291666667
25.101,4,251,251,694.557291666667
25.201,3,252,252,693.393229166667
25.3,3,253,253,693.393229166667
25.401,2,254,254,693.005208333333
25.501,6,255,255,693.005208333333
25.601,9,256,256,693.005208333333
25.7,7,257,257,694.169270833333
25.801,7,258,258,694.169270833333
25.901,5,259,259,694.169270833333
26,4,260,260,693.78125
26.1,9,261,261,692.6171875
26.201,6,262,262,694.169270833333
26.301,2,263,263,694.169270833333
26.4,7,264,264,694.557291666667
26.5,4,265,265,694.557291666667
26.601,9,266,266,696.497395833333
26.701,4,267,267,694.9453125
26.8,4,268,268,694.9453125
26.901,9,269,269,694.9453125
27.001,6,270,270,694.9453125
27.101,7,271,271,694.9453125
27.2,6,272,272,694.169270833333
27.301,5,273,273,694.169270833333
27.401,3,274,274,694.9453125
27.501,6,275,275,694.9453125
27.6,8,276,276,693.78125
27.701,7,277,277,693.78125
27.801,7,278,278,694.9453125
27.9,9,279,279,694.9453125
28,6,280,280,694.9453125
28.1,4,281,281,694.9453125
28.201,6,282,282,693.78125
28.301,5,283,283,693.78125
28.4,6,284,284,692.6171875
28.501,4,285,285,693.005208333333
28.601,4,286,286,694.9453125
28.701,6,287,287,694.9453125
28.8,5,288,288,693.005208333333
28.9,5,289,289,694.169270833333
29.001,2,290,290,694.169270833333
29.101,9,291,291,694.169270833333
29.2,3,292,292,694.169270833333
29.301,4,293,293,694.169270833333
29.401,3,294,294,694.169270833333
29.501,4,295,295,693.78125
29.601,2,296,296,693.005208333333
29.701,6,297,297,693.005208333333
29.801,6,298,298,693.005208333333
29.9,3,299,299,692.6171875
30,5,300,300,692.6171875
30.101,5,301,301,692.6171875
30.201,8,302,302,692.6171875
30.3,2,303,303,692.6171875
30.4,3,304,304,692.6171875
30.501,2,305,305,692.6171875
30.601,3,306,306,692.6171875
30.7,3,307,307,692.6171875
30.801,1,308,308,692.6171875
30.901,1,309,309,693.78125
31,2,310,310,693.78125
31.101,5,311,311,693.78125
31.201,1,312,312,693.78125
31.301,2,313,313,693.78125
31.4,7,314,314,694.557291666667
31.501,4,315,315,694.9453125
31.601,2,316,316,694.9453125
31.701,0,317,317,695.333333333333
31.8,2,318,318,695.333333333333
31.901,2,319,319,694.169270833333
32.001,1,320,320,697.661458333333
32.101,2,321,321,697.661458333333
32.2,4,322,322,698.4375
32.301,3,323,323,698.4375
32.401,7,324,324,698.049479166667
32.501,6,325,325,699.213541666667
32.6,2,326,326,699.213541666667
32.701,5,327,327,695.721354166667
32.799,1,328,328,695.721354166667
32.9,6,329,329,695.721354166667
33.001,6,330,330,694.169270833333
33.101,1,331,331,694.557291666667
33.2,6,332,332,693.78125
33.301,4,333,333,693.78125
33.401,4,334,334,693.393229166667
33.501,5,335,335,693.005208333333
33.6,7,336,336,693.005208333333
33.701,8,337,337,693.393229166667
33.801,4,338,338,693.393229166667
33.9,6,339,339,693.393229166667
34.001,3,340,340,693.393229166667
34.101,4,341,341,693.393229166667
34.201,2,342,342,693.393229166667
34.3,0,343,343,693.393229166667
34.401,2,344,344,695.333333333333
34.501,4,345,345,695.333333333333
34.601,4,346,346,695.333333333333
34.701,4,347,347,696.497395833333
34.801,4,348,348,696.497395833333
34.9,2,349,349,696.497395833333
35.001,5,350,350,696.497395833333
35.101,7,351,351,696.497395833333
35.201,6,352,352,694.557291666667
35.3,3,353,353,694.557291666667
35.4,4,354,354,693.005208333333
35.501,12,355,355,693.005208333333
35.601,2,356,356,693.005208333333
35.7,6,357,357,692.6171875
35.801,4,358,358,692.6171875
35.901,3,359,359,692.6171875
36.001,4,360,360,692.6171875
36.1,3,361,361,693.78125
36.2,6,362,362,694.169270833333
36.301,4,363,363,695.333333333333
36.4,2,364,364,695.333333333333
36.501,12,365,365,695.333333333333
36.601,4,366,366,695.333333333333
36.701,4,367,367,695.333333333333
36.8,4,368,368,695.333333333333
36.9,7,369,369,694.169270833333
37.001,11,370,370,694.169270833333
37.101,8,371,371,693.005208333333
37.2,13,372,372,692.6171875
37.301,15,373,373,692.6171875
37.401,8,374,374,692.6171875
37.501,15,375,375,692.6171875
37.6,15,376,376,692.6171875
37.701,16,377,377,692.6171875
37.801,13,378,378,692.6171875
37.9,14,379,379,692.6171875
38,12,380,380,692.6171875
38.1,16,381,381,693.393229166667
38.2,14,382,382,693.393229166667
38.301,16,383,383,693.393229166667
38.401,16,384,384,693.393229166667
38.5,14,385,385,694.169270833333
38.6,19,386,386,693.393229166667
38.701,15,387,387,693.393229166667
38.801,13,388,388,693.393229166667
38.9,14,389,389,694.169270833333
39.001,21,390,390,695.721354166667
39.101,23,391,391,697.2734375
39.201,23,392,392,697.2734375
39.3,22,393,393,697.2734375
39.401,24,394,394,697.2734375
39.501,31,395,395,696.885416666667
39.601,29,396,396,696.885416666667
39.7,27,397,397,696.885416666667
39.8,29,398,398,696.885416666667
39.901,31,399,399,696.109375
40,35,400,400,694.9453125
40.1,30,401,401,693.005208333333
40.201,35,402,402,693.393229166667
40.301,31,403,403,693.393229166667
40.4,33,404,404,693.393229166667
40.5,39,405,405,693.393229166667
40.601,32,406,406,693.78125
40.701,42,407,407,693.78125
40.8,42,408,408,693.78125
40.901,40,409,409,693.78125
41.001,45,410,410,693.393229166667
41.101,42,411,411,693.393229166667
41.2,38,412,412,693.005208333333
41.301,47,413,413,693.005208333333
41.401,26,414,414,693.005208333333
41.5,42,415,415,692.6171875
41.6,32,416,416,692.6171875
41.701,39,417,417,692.6171875
41.801,36,418,418,692.6171875
41.9,34,419,419,692.6171875
42,38,420,420,692.6171875
42.1,29,421,421,692.6171875
42.201,49,422,422,692.6171875
42.301,47,423,423,692.6171875
42.4,42,424,424,692.6171875
42.5,26,425,425,693.005208333333
42.601,34,426,426,693.005208333333
42.701,37,427,427,693.005208333333
42.8,30,428,428,693.005208333333
42.901,29,429,429,692.6171875
43.001,25,430,430,693.005208333333
43.099,22,431,431,693.005208333333
43.201,30,432,432,693.78125
43.3,31,433,433,693.78125
43.401,22,434,434,693.78125
43.501,31,435,435,693.393229166667
43.601,21,436,436,693.78125
43.701,17,437,437,693.78125
43.801,13,438,438,693.78125
43.9,19,439,439,693.78125
44.001,18,440,440,693.005208333333
44.101,15,441,441,693.005208333333
44.201,8,442,442,693.005208333333
44.301,15,443,443,693.005208333333
44.401,10,444,444,693.78125
44.501,14,445,445,694.169270833333
44.6,18,446,446,694.557291666667
44.7,11,447,447,694.557291666667
44.801,8,448,448,694.557291666667
44.901,12,449,449,694.557291666667
45,13,450,450,694.557291666667
45.101,10,451,451,694.557291666667
45.201,12,452,452,694.9453125
45.301,9,453,453,694.9453125
45.4,3,454,454,694.169270833333
45.501,5,455,455,693.78125
45.601,6,456,456,693.005208333333
45.701,6,457,457,693.005208333333
45.8,4,458,458,693.005208333333
45.901,9,459,459,693.005208333333
46.001,9,460,460,693.005208333333
46.1,1,461,461,693.393229166667
46.201,4,462,462,693.393229166667
46.3,4,463,463,693.393229166667
46.401,2,464,464,693.393229166667
46.501,1,465,465,693.393229166667
46.6,1,466,466,693.393229166667
46.701,3,467,467,693.393229166667
46.801,1,468,468,693.78125
46.901,1,469,469,693.78125
47.001,2,470,470,693.78125
47.101,5,471,471,693.393229166667
47.201,5,472,472,693.005208333333
47.3,2,473,473,693.393229166667
47.401,2,474,474,693.393229166667
47.501,5,475,475,693.393229166667
47.601,4,476,476,693.005208333333
47.701,1,477,477,693.005208333333
47.8,1,478,478,692.6171875
47.901,2,479,479,693.005208333333
48.001,3,480,480,693.005208333333
48.1,3,481,481,693.393229166667
48.201,1,482,482,693.393229166667
48.3,0,483,483,693.005208333333
48.401,4,484,484,693.005208333333
48.5,4,485,485,693.005208333333
48.6,1,486,486,693.005208333333
48.701,3,487,487,693.393229166667
48.801,1,488,488,693.393229166667
48.901,3,489,489,693.005208333333
49,2,490,490,693.005208333333
49.101,2,491,491,692.6171875
49.201,1,492,492,692.6171875
49.3,0,493,493,692.6171875
49.4,7,494,494,692.6171875
49.501,0,495,495,692.6171875
49.601,1,496,496,692.6171875
49.7,5,497,497,692.6171875
49.801,1,498,498,692.6171875
49.901,0,499,499,692.6171875
50.001,2,500,500,692.6171875
50.101,1,501,501,692.6171875
50.201,3,502,502,692.6171875
50.3,3,503,503,692.6171875
50.401,1,504,504,692.6171875
50.5,2,505,505,692.6171875
50.6,1,506,506,692.6171875
50.701,1,507,507,692.6171875
50.801,1,508,508,692.6171875
50.9,3,509,509,693.005208333333
51,2,510,510,692.6171875
51.101,0,511,511,693.005208333333
51.201,2,512,512,693.393229166667
51.3,2,513,513,693.393229166667
51.401,3,514,514,693.393229166667
51.501,3,515,515,693.393229166667
51.601,3,516,516,693.78125
51.7,0,517,517,693.78125
51.801,3,518,518,693.78125
51.901,5,519,519,693.78125
52.001,1,520,520,693.78125
52.1,2,521,521,693.393229166667
52.201,2,522,522,693.005208333333
52.301,3,523,523,693.005208333333
52.401,3,524,524,693.005208333333
52.5,0,525,525,693.005208333333
52.6,2,526,526,692.6171875
52.701,0,527,527,692.6171875
52.8,2,528,528,692.6171875
52.9,3,529,529,692.6171875
53.001,3,530,530,692.6171875
53.101,1,531,531,692.6171875
53.201,3,532,532,692.6171875
53.3,2,533,533,692.6171875
53.4,1,534,534,692.6171875
53.501,5,535,535,692.6171875
53.6,2,536,536,692.6171875
53.701,5,537,537,693.005208333333
53.801,2,538,538,693.005208333333
53.901,2,539,539,693.005208333333
54,3,540,540,693.005208333333
54.101,1,541,541,693.005208333333
54.201,1,542,542,693.005208333333
54.301,4,543,543,693.393229166667
54.401,4,544,544,693.393229166667
54.5,1,545,545,695.333333333333
54.6,2,546,546,698.825520833333
54.701,1,547,547,698.825520833333
54.8,3,548,548,698.825520833333
54.901,2,549,549,698.825520833333
55.001,1,550,550,699.989583333333
55.1,4,551,551,699.989583333333
55.2,3,552,552,699.989583333333
55.301,2,553,553,699.989583333333
55.4,5,554,554,699.989583333333
55.5,3,555,555,696.497395833333
55.601,2,556,556,693.78125
55.701,1,557,557,693.78125
55.8,4,558,558,693.78125
55.901,0,559,559,693.393229166667
56.001,2,560,560,693.005208333333
56.101,0,561,561,692.6171875
56.2,5,562,562,693.005208333333
56.3,1,563,563,693.005208333333
56.401,5,564,564,692.6171875
56.501,2,565,565,692.6171875
56.6,2,566,566,692.6171875
56.7,2,567,567,693.005208333333
56.801,2,568,568,693.005208333333
56.901,4,569,569,693.005208333333
57.001,4,570,570,693.005208333333
57.101,2,571,571,693.005208333333
57.201,1,572,572,692.6171875
57.3,1,573,573,692.6171875
57.401,1,574,574,692.6171875
57.501,2,575,575,692.6171875
57.601,0,576,576,692.6171875
57.7,2,577,577,692.6171875
57.801,1,578,578,692.6171875
57.901,0,579,579,692.6171875
58.001,0,580,580,692.6171875
58.1,3,581,581,692.6171875
58.201,4,582,582,692.6171875
58.301,1,583,583,692.6171875
58.4,6,584,584,692.6171875
58.5,3,585,585,693.78125
58.6,4,586,586,693.78125
58.701,1,587,587,693.78125
58.8,3,588,588,693.78125
58.901,1,589,589,693.005208333333
59.001,4,590,590,693.005208333333
59.101,3,591,591,693.005208333333
59.2,4,592,592,693.005208333333
59.3,3,593,593,693.393229166667
59.401,1,594,594,693.393229166667
59.501,1,595,595,693.005208333333
59.601,0,596,596,693.005208333333
59.7,0,597,597,693.005208333333
59.8,2,598,598,693.005208333333
59.901,4,599,599,693.005208333333
60.001,2,600,600,693.005208333333
60.1,2,601,601,693.005208333333
60.2,4,602,602,693.005208333333
60.301,2,603,603,692.6171875
60.401,1,604,604,693.005208333333
60.501,1,605,605,693.005208333333
60.601,0,606,606,693.005208333333
60.7,5,607,607,693.005208333333
60.801,4,608,608,693.005208333333
60.901,1,609,609,692.6171875
61.001,0,610,610,692.6171875
61.1,2,611,611,693.005208333333
61.201,1,612,612,693.78125
61.301,1,613,613,693.78125
61.401,3,614,614,693.393229166667
61.501,6,615,615,694.9453125
61.6,3,616,616,694.9453125
61.7,4,617,617,694.9453125
61.801,2,618,618,694.9453125
61.9,3,619,619,694.9453125
62.001,3,620,620,694.9453125
62.1,1,621,621,695.333333333333
62.201,1,622,622,694.557291666667
62.301,2,623,623,696.885416666667
62.4,0,624,624,696.885416666667
62.501,1,625,625,694.557291666667
62.601,5,626,626,694.557291666667
62.701,1,627,627,694.557291666667
62.8,1,628,628,696.109375
62.901,7,629,629,696.497395833333
63.001,3,630,630,696.497395833333
63.1,1,631,631,694.557291666667
63.201,0,632,632,694.557291666667
63.301,4,633,633,693.005208333333
63.401,2,634,634,694.169270833333
63.501,1,635,635,695.721354166667
63.6,1,636,636,696.497395833333
63.7,3,637,637,696.497395833333
63.801,3,638,638,695.333333333333
63.901,5,639,639,695.333333333333
64,1,640,640,695.333333333333
64.101,2,641,641,695.333333333333
64.201,5,642,642,695.333333333333
64.301,2,643,643,695.333333333333
64.4,1,644,644,694.169270833333
64.501,2,645,645,693.005208333333
64.601,2,646,646,693.005208333333
64.701,5,647,647,692.6171875
64.8,0,648,648,692.6171875
64.901,3,649,649,693.005208333333
65,3,650,650,693.005208333333
65.101,0,651,651,693.005208333333
65.201,2,652,652,693.005208333333
65.3,1,653,653,693.005208333333
65.401,2,654,654,693.005208333333
65.5,4,655,655,693.005208333333
65.601,2,656,656,693.005208333333
65.7,3,657,657,693.005208333333
65.801,0,658,658,693.005208333333
65.901,2,659,659,692.6171875
66.001,1,660,660,693.005208333333
66.1,2,661,661,693.393229166667
66.201,1,662,662,693.393229166667
66.301,3,663,663,693.393229166667
66.401,2,664,664,693.393229166667
66.5,3,665,665,693.393229166667
66.601,2,666,666,693.005208333333
66.701,3,667,667,693.393229166667
66.8,3,668,668,693.78125
66.9,2,669,669,693.78125
67.001,5,670,670,693.393229166667
67.101,1,671,671,693.005208333333
67.201,3,672,672,693.005208333333
67.301,1,673,673,693.393229166667
67.4,3,674,674,693.78125
67.501,3,675,675,693.78125
67.601,1,676,676,693.78125
67.701,3,677,677,693.78125
67.8,1,678,678,694.169270833333
67.901,2,679,679,694.169270833333
68.001,4,680,680,694.169270833333
68.101,4,681,681,694.169270833333
68.201,1,682,682,694.169270833333
68.301,3,683,683,693.78125
68.401,2,684,684,694.169270833333
68.501,5,685,685,694.169270833333
68.6,2,686,686,694.169270833333
68.701,1,687,687,696.109375
68.801,2,688,688,694.169270833333
68.901,1,689,689,694.169270833333
69,3,690,690,693.78125
69.101,4,691,691,694.169270833333
69.201,1,692,692,694.169270833333
69.301,2,693,693,694.169270833333
69.4,4,694,694,693.393229166667
69.5,0,695,695,693.393229166667
69.601,2,696,696,694.557291666667
69.701,3,697,697,693.78125
69.801,2,698,698,693.78125
69.9,4,699,699,693.78125
70.001,3,700,700,693.78125
70.101,1,701,701,693.393229166667
70.2,4,702,702,693.393229166667
70.301,1,703,703,693.393229166667
70.401,4,704,704,693.393229166667
70.501,1,705,705,693.393229166667
70.6,4,706,706,693.393229166667
70.701,4,707,707,692.6171875
70.801,1,708,708,692.6171875
70.901,3,709,709,693.005208333333
71,1,710,710,693.005208333333
71.101,0,711,711,693.005208333333
71.201,4,712,712,694.557291666667
71.301,2,713,713,694.557291666667
71.4,3,714,714,694.557291666667
71.501,3,715,715,694.557291666667
71.601,3,716,716,694.169270833333
71.701,4,717,717,694.557291666667
71.801,4,718,718,698.049479166667
71.901,2,719,719,698.049479166667
72.001,0,720,720,698.049479166667
72.1,2,721,721,698.049479166667
72.201,4,722,722,696.497395833333
72.3,1,723,723,696.497395833333
72.401,4,724,724,696.497395833333
72.501,5,725,725,696.497395833333
72.601,3,726,726,695.333333333333
72.7,4,727,727,694.9453125
72.801,2,728,728,694.9453125
72.901,2,729,729,696.497395833333
73,1,730,730,696.497395833333
73.1,6,731,731,697.2734375
73.201,1,732,732,694.9453125
73.3,2,733,733,694.9453125
73.401,0,734,734,694.9453125
73.501,5,735,735,694.9453125
73.601,4,736,736,694.9453125
73.7,5,737,737,695.721354166667
73.8,3,738,738,694.169270833333
73.901,2,739,739,693.393229166667
74,3,740,740,693.393229166667
74.101,1,741,741,693.393229166667
74.201,2,742,742,694.9453125
74.3,3,743,743,694.9453125
74.401,4,744,744,694.9453125
74.501,3,745,745,694.9453125
74.601,3,746,746,694.9453125
74.7,4,747,747,694.169270833333
74.8,4,748,748,694.9453125
74.901,1,749,749,696.109375
75.001,2,750,750,698.4375
75.101,0,751,751,697.661458333333
75.2,0,752,752,694.557291666667
75.301,2,753,753,694.557291666667
75.401,0,754,754,694.557291666667
75.501,2,755,755,694.557291666667
75.6,3,756,756,697.2734375
75.701,5,757,757,697.2734375
75.801,4,758,758,696.497395833333
75.9,4,759,759,695.333333333333
76,2,760,760,692.6171875
76.1,3,761,761,692.6171875
76.201,3,762,762,692.6171875
76.301,4,763,763,695.333333333333
76.401,3,764,764,695.333333333333
76.501,3,765,765,695.333333333333
76.601,5,766,766,693.005208333333
76.7,4,767,767,693.005208333333
76.8,2,768,768,693.005208333333
76.901,6,769,769,693.005208333333
77.001,2,770,770,696.497395833333
77.1,3,771,771,696.497395833333
77.201,3,772,772,696.497395833333
77.301,1,773,773,693.005208333333
77.401,2,774,774,693.005208333333
77.501,3,775,775,693.005208333333
77.6,0,776,776,692.6171875
77.701,1,777,777,692.6171875
77.801,2,778,778,693.005208333333
77.901,5,779,779,693.393229166667
78,0,780,780,693.005208333333
78.101,1,781,781,693.005208333333
78.201,6,782,782,693.005208333333
78.301,2,783,783,693.005208333333
78.401,5,784,784,693.393229166667
78.501,3,785,785,693.393229166667
78.6,3,786,786,693.393229166667
78.701,4,787,787,693.393229166667
78.799,2,788,788,693.005208333333
78.9,5,789,789,692.6171875
79.001,4,790,790,693.005208333333
79.101,5,791,791,693.393229166667
79.201,0,792,792,693.78125
79.3,6,793,793,693.78125
79.4,2,794,794,693.393229166667
79.501,3,795,795,693.393229166667
79.601,2,796,796,693.78125
79.701,2,797,797,693.78125
79.8,1,798,798,693.78125
79.901,4,799,799,693.78125
80.001,3,800,800,696.109375
80.101,0,801,801,695.721354166667
80.2,2,802,802,693.393229166667
80.301,2,803,803,693.393229166667
80.401,2,804,804,693.78125
80.501,2,805,805,694.557291666667
80.6,2,806,806,694.557291666667
80.701,3,807,807,694.557291666667
80.801,2,808,808,694.557291666667
80.9,4,809,809,694.9453125
81.001,4,810,810,694.9453125
81.1,3,811,811,694.9453125
81.201,0,812,812,694.9453125
81.3,2,813,813,694.9453125
81.4,1,814,814,694.557291666667
81.501,3,815,815,693.393229166667
81.601,1,816,816,696.497395833333
81.7,2,817,817,697.2734375
81.801,0,818,818,697.2734375
81.901,0,819,819,696.497395833333
82.001,3,820,820,693.393229166667
82.1,2,821,821,693.393229166667
82.201,2,822,822,696.497395833333
82.301,6,823,823,696.885416666667
82.4,3,824,824,696.885416666667
82.5,3,825,825,696.885416666667
82.6,3,826,826,693.78125
82.701,5,827,827,693.005208333333
82.801,2,828,828,693.005208333333
82.901,0,829,829,693.005208333333
83.001,1,830,830,693.005208333333
83.101,2,831,831,695.333333333333
83.2,3,832,832,693.005208333333
83.301,3,833,833,692.6171875
83.4,1,834,834,693.005208333333
83.501,6,835,835,693.005208333333
83.601,2,836,836,693.393229166667
83.701,3,837,837,693.393229166667
83.8,0,838,838,694.169270833333
83.901,2,839,839,694.169270833333
84.001,2,840,840,694.169270833333
84.1,4,841,841,693.393229166667
84.201,2,842,842,693.78125
84.3,2,843,843,693.78125
84.4,3,844,844,693.393229166667
84.501,2,845,845,693.393229166667
84.601,2,846,846,693.005208333333
84.7,1,847,847,693.78125
84.801,0,848,848,693.005208333333
84.901,0,849,849,693.393229166667
85.001,0,850,850,694.9453125
85.1,3,851,851,694.9453125
85.201,2,852,852,694.557291666667
85.301,0,853,853,695.721354166667
85.4,3,854,854,695.721354166667
85.5,3,855,855,695.721354166667
85.601,0,856,856,695.721354166667
85.701,3,857,857,694.557291666667
85.8,2,858,858,694.557291666667
85.9,6,859,859,695.721354166667
86.001,2,860,860,694.169270833333
86.101,4,861,861,694.169270833333
86.201,2,862,862,694.169270833333
86.3,4,863,863,693.005208333333
86.4,0,864,864,692.6171875
86.501,2,865,865,693.005208333333
86.601,0,866,866,693.005208333333
86.701,3,867,867,693.005208333333
86.801,0,868,868,693.005208333333
86.901,3,869,869,692.6171875
87,0,870,870,692.6171875
87.1,4,871,871,692.6171875
87.201,1,872,872,692.6171875
87.3,1,873,873,692.6171875
87.4,2,874,874,693.005208333333
87.501,4,875,875,692.6171875
87.601,0,876,876,692.6171875
87.7,2,877,877,693.005208333333
87.801,1,878,878,693.005208333333
87.9,4,879,879,693.005208333333
88.001,1,880,880,693.005208333333
88.101,1,881,881,693.005208333333
88.2,1,882,882,693.005208333333
88.3,0,883,883,694.169270833333
88.401,3,884,884,693.005208333333
88.5,1,885,885,694.169270833333
88.6,1,886,886,694.169270833333
88.701,2,887,887,693.78125
88.801,1,888,888,693.78125
88.901,3,889,889,693.78125
89,1,890,890,693.78125
89.1,3,891,891,693.78125
89.201,1,892,892,693.78125
89.301,3,893,893,692.6171875
89.4,4,894,894,692.6171875
89.501,2,895,895,692.6171875
89.601,3,896,896,692.6171875
89.7,3,897,897,692.6171875
89.8,4,898,898,692.6171875
89.901,0,899,899,692.6171875
90.001,2,900,900,692.6171875
90.1,3,901,901,693.005208333333
90.2,1,902,902,693.005208333333
90.301,0,903,903,693.005208333333
90.401,3,904,904,693.005208333333
90.501,2,905,905,692.6171875
90.6,2,906,906,692.6171875
90.701,3,907,907,692.6171875
90.801,1,908,908,693.005208333333
90.901,0,909,909,693.005208333333
91,1,910,910,693.393229166667
91.101,1,911,911,693.005208333333
91.2,4,912,912,693.005208333333
91.301,1,913,913,693.005208333333
91.401,2,914,914,693.005208333333
91.501,0,915,915,693.005208333333
91.6,1,916,916,693.005208333333
91.701,4,917,917,693.005208333333
91.801,2,918,918,692.6171875
91.901,1,919,919,693.005208333333
92.001,2,920,920,692.6171875
92.101,3,921,921,692.6171875
92.2,0,922,922,693.005208333333
92.301,3,923,923,693.005208333333
92.401,3,924,924,693.005208333333
92.501,1,925,925,693.005208333333
92.6,2,926,926,693.005208333333
92.701,4,927,927,693.005208333333
92.801,4,928,928,693.005208333333
92.901,1,929,929,692.6171875
93.001,1,930,930,697.661458333333
93.1,2,931,931,697.661458333333
93.201,2,932,932,692.6171875
93.301,2,933,933,692.6171875
93.401,2,934,934,692.6171875
93.5,3,935,935,692.6171875
93.601,2,936,936,697.2734375
93.701,2,937,937,697.2734375
93.8,1,938,938,697.2734375
93.901,1,939,939,698.049479166667
94.001,1,940,940,693.393229166667
94.1,0,941,941,693.393229166667
94.201,2,942,942,693.393229166667
94.301,1,943,943,693.393229166667
94.401,3,944,944,693.393229166667
94.5,1,945,945,693.393229166667
94.6,3,946,946,692.6171875
94.701,2,947,947,692.6171875
94.8,3,948,948,693.393229166667
94.901,2,949,949,693.005208333333
95.001,1,950,950,693.005208333333
95.101,1,951,951,693.005208333333
95.2,0,952,952,693.005208333333
95.301,3,953,953,693.005208333333
95.401,1,954,954,693.393229166667
95.501,3,955,955,694.169270833333
95.6,0,956,956,694.169270833333
95.7,0,957,957,694.169270833333
95.801,4,958,958,694.169270833333
95.9,0,959,959,693.78125
96.001,1,960,960,693.78125
96.1,2,961,961,693.78125
96.201,0,962,962,693.78125
96.301,1,963,963,693.78125
96.4,2,964,964,693.393229166667
96.501,2,965,965,694.169270833333
96.601,1,966,966,694.169270833333
96.701,0,967,967,694.557291666667
96.8,2,968,968,694.557291666667
96.9,2,969,969,697.661458333333
97.001,2,970,970,697.661458333333
97.101,0,971,971,697.661458333333
97.2,2,972,972,697.661458333333
97.301,3,973,973,697.661458333333
97.401,5,974,974,697.661458333333
97.501,3,975,975,696.109375
97.6,0,976,976,696.885416666667
97.7,1,977,977,696.497395833333
97.801,3,978,978,693.393229166667
97.901,1,979,979,692.6171875
98,1,980,980,693.005208333333
98.101,2,981,981,693.78125
98.2,0,982,982,693.78125
98.301,1,983,983,693.78125
98.401,5,984,984,695.333333333333
98.5,0,985,985,697.661458333333
98.6,1,986,986,697.2734375
98.701,0,987,987,697.2734375
98.8,2,988,988,697.2734375
98.9,2,989,989,698.049479166667
99.001,0,990,990,698.049479166667
99.101,1,991,991,696.885416666667
99.2,0,992,992,697.2734375
99.3,2,993,993,699.213541666667
99.401,2,994,994,697.2734375
99.501,1,995,995,694.9453125
99.6,1,996,996,694.9453125
99.7,2,997,997,694.557291666667
99.801,5,998,998,694.557291666667
99.9,1,999,999,693.78125
100,4,1000,1000,693.78125
,1,1001,1001,
,0,1002,1002,
,0,1003,1003,
,3,1004,1004,
,1,1005,1005,
,1,1006,1006,
,1,1007,1007,
,2,1008,1008,
,2,1009,1009,
,0,1010,1010,
,3,1011,1011,
,1,1012,1012,
,1,1013,1013,
,0,1014,1014,
,0,1015,1015,
,2,1016,1016,
,3,1017,1017,
,2,1018,1018,
,2,1019,1019,
,1,1020,1020,
,0,1021,1021,
,0,1022,1022,
,1,1023,1023,
,2,1024,1024,
,1,1025,1025,
,1,1026,1026,
,0,1027,1027,
,5,1028,1028,
,0,1029,1029,
,2,1030,1030,
,3,1031,1031,
,1,1032,1032,
,2,1033,1033,
,1,1034,1034,
,1,1035,1035,
,1,1036,1036,
,3,1037,1037,
,4,1038,1038,
,1,1039,1039,
,2,1040,1040,
,0,1041,1041,
,1,1042,1042,
,1,1043,1043,
,2,1044,1044,
,2,1045,1045,
,3,1046,1046,
,1,1047,1047,
,4,1048,1048,
,0,1049,1049,
,4,1050,1050,
,2,1051,1051,
,0,1052,1052,
,1,1053,1053,
,1,1054,1054,
,0,1055,1055,
,0,1056,1056,
,1,1057,1057,
,2,1058,1058,
,0,1059,1059,
,1,1060,1060,
,0,1061,1061,
,2,1062,1062,
,1,1063,1063,
,4,1064,1064,
,2,1065,1065,
,0,1066,1066,
,1,1067,1067,
,0,1068,1068,
,0,1069,1069,
,3,1070,1070,
,2,1071,1071,
,0,1072,1072,
,0,1073,1073,
,0,1074,1074,
,0,1075,1075,
,0,1076,1076,
,1,1077,1077,
,2,1078,1078,
,4,1079,1079,
,0,1080,1080,
,1,1081,1081,
,1,1082,1082,
,4,1083,1083,
,3,1084,1084,
,0,1085,1085,
,1,1086,1086,
,1,1087,1087,
,2,1088,1088,
,0,1089,1089,
,2,1090,1090,
,0,1091,1091,
,2,1092,1092,
,2,1093,1093,
,3,1094,1094,
,2,1095,1095,
,2,1096,1096,
,2,1097,1097,
,1,1098,1098,
,1,1099,1099,
,5,1100,1100,
,1,1101,1101,
,0,1102,1102,
,1,1103,1103,
,1,1104,1104,
,0,1105,1105,
,1,1106,1106,
,1,1107,1107,
,1,1108,1108,
,3,1109,1109,
,0,1110,1110,
,1,1111,1111,
,0,1112,1112,
,1,1113,1113,
,2,1114,1114,
,2,1115,1115,
,1,1116,1116,
,2,1117,1117,
,1,1118,1118,
,2,1119,1119,
,2,1120,1120,
,2,1121,1121,
,1,1122,1122,
,4,1123,1123,
,1,1124,1124,
,2,1125,1125,
,0,1126,1126,
,3,1127,1127,
,1,1128,1128,
,0,1129,1129,
,2,1130,1130,
,0,1131,1131,
,1,1132,1132,
,1,1133,1133,
,0,1134,1134,
,1,1135,1135,
,2,1136,1136,
,0,1137,1137,
,0,1138,1138,
,1,1139,1139,
,1,1140,1140,
,3,1141,1141,
,0,1142,1142,
,0,1143,1143,
,2,1144,1144,
,2,1145,1145,
,2,1146,1146,
,1,1147,1147,
,0,1148,1148,
,1,1149,1149,
,1,1150,1150,
,2,1151,1151,
,2,1152,1152,
,2,1153,1153,
,0,1154,1154,
,0,1155,1155,
,2,1156,1156,
,2,1157,1157,
,0,1158,1158,
,0,1159,1159,
,2,1160,1160,
,0,1161,1161,
,1,1162,1162,
,1,1163,1163,
,2,1164,1164,
,2,1165,1165,
,2,1166,1166,
,3,1167,1167,
,0,1168,1168,
,2,1169,1169,
,1,1170,1170,
,3,1171,1171,
,0,1172,1172,
,2,1173,1173,
,0,1174,1174,
,2,1175,1175,
,3,1176,1176,
,0,1177,1177,
,2,1178,1178,
,4,1179,1179,
,4,1180,1180,
,0,1181,1181,
,1,1182,1182,
,2,1183,1183,
,1,1184,1184,
,1,1185,1185,
,5,1186,1186,
,3,1187,1187,
,5,1188,1188,
,3,1189,1189,
,4,1190,1190,
,2,1191,1191,
,4,1192,1192,
,1,1193,1193,
,2,1194,1194,
,3,1195,1195,
,3,1196,1196,
,3,1197,1197,
,1,1198,1198,
,2,1199,1199,
,3,1200,1200,
,3,1201,1201,
,1,1202,1202,
,1,1203,1203,
,4,1204,1204,
,0,1205,1205,
,2,1206,1206,
,1,1207,1207,
,4,1208,1208,
,3,1209,1209,
,3,1210,1210,
,0,1211,1211,
,4,1212,1212,
,1,1213,1213,
,1,1214,1214,
,0,1215,1215,
,2,1216,1216,
,3,1217,1217,
,3,1218,1218,
,3,1219,1219,
,3,1220,1220,
,7,1221,1221,
,1,1222,1222,
,1,1223,1223,
,4,1224,1224,
,2,1225,1225,
,5,1226,1226,
,3,1227,1227,
,1,1228,1228,
,6,1229,1229,
,3,1230,1230,
,4,1231,1231,
,3,1232,1232,
,1,1233,1233,
,4,1234,1234,
,5,1235,1235,
,5,1236,1236,
,1,1237,1237,
,5,1238,1238,
,2,1239,1239,
,5,1240,1240,
,2,1241,1241,
,5,1242,1242,
,4,1243,1243,
,2,1244,1244,
,2,1245,1245,
,3,1246,1246,
,3,1247,1247,
,4,1248,1248,
,6,1249,1249,
,7,1250,1250,
,6,1251,1251,
,0,1252,1252,
,3,1253,1253,
,4,1254,1254,
,2,1255,1255,
,4,1256,1256,
,6,1257,1257,
,3,1258,1258,
,9,1259,1259,
,2,1260,1260,
,3,1261,1261,
,4,1262,1262,
,0,1263,1263,
,4,1264,1264,
,4,1265,1265,
,7,1266,1266,
,0,1267,1267,
,7,1268,1268,
,4,1269,1269,
,2,1270,1270,
,9,1271,1271,
,5,1272,1272,
,3,1273,1273,
,4,1274,1274,
,3,1275,1275,
,5,1276,1276,
,4,1277,1277,
,3,1278,1278,
,4,1279,1279,
,7,1280,1280,
,7,1281,1281,
,6,1282,1282,
,6,1283,1283,
,6,1284,1284,
,5,1285,1285,
,3,1286,1286,
,2,1287,1287,
,5,1288,1288,
,0,1289,1289,
,2,1290,1290,
,4,1291,1291,
,4,1292,1292,
,2,1293,1293,
,2,1294,1294,
,3,1295,1295,
,5,1296,1296,
,5,1297,1297,
,3,1298,1298,
,4,1299,1299,
,1,1300,1300,
,8,1301,1301,
,3,1302,1302,
,5,1303,1303,
,3,1304,1304,
,3,1305,1305,
,2,1306,1306,
,8,1307,1307,
,6,1308,1308,
,3,1309,1309,
,2,1310,1310,
,2,1311,1311,
,5,1312,1312,
,9,1313,1313,
,4,1314,1314,
,4,1315,1315,
,7,1316,1316,
,8,1317,1317,
,5,1318,1318,
,3,1319,1319,
,6,1320,1320,
,6,1321,1321,
,7,1322,1322,
,4,1323,1323,
,8,1324,1324,
,9,1325,1325,
,6,1326,1326,
,4,1327,1327,
,5,1328,1328,
,7,1329,1329,
,5,1330,1330,
,8,1331,1331,
,7,1332,1332,
,4,1333,1333,
,10,1334,1334,
,6,1335,1335,
,7,1336,1336,
,8,1337,1337,
,8,1338,1338,
,10,1339,1339,
,5,1340,1340,
,5,1341,1341,
,2,1342,1342,
,6,1343,1343,
,6,1344,1344,
,8,1345,1345,
,5,1346,1346,
,7,1347,1347,
,8,1348,1348,
,5,1349,1349,
,5,1350,1350,
,4,1351,1351,
,3,1352,1352,
,3,1353,1353,
,3,1354,1354,
,2,1355,1355,
,7,1356,1356,
,3,1357,1357,
,8,1358,1358,
,9,1359,1359,
,6,1360,1360,
,4,1361,1361,
,4,1362,1362,
,7,1363,1363,
,9,1364,1364,
,6,1365,1365,
,8,1366,1366,
,10,1367,1367,
,9,1368,1368,
,3,1369,1369,
,7,1370,1370,
,3,1371,1371,
,10,1372,1372,
,3,1373,1373,
,9,1374,1374,
,3,1375,1375,
,14,1376,1376,
,9,1377,1377,
,10,1378,1378,
,6,1379,1379,
,6,1380,1380,
,11,1381,1381,
,6,1382,1382,
,9,1383,1383,
,7,1384,1384,
,9,1385,1385,
,5,1386,1386,
,5,1387,1387,
,6,1388,1388,
,8,1389,1389,
,5,1390,1390,
,8,1391,1391,
,5,1392,1392,
,10,1393,1393,
,8,1394,1394,
,11,1395,1395,
,6,1396,1396,
,4,1397,1397,
,6,1398,1398,
,10,1399,1399,
,14,1400,1400,
,14,1401,1401,
,7,1402,1402,
,5,1403,1403,
,8,1404,1404,
,6,1405,1405,
,7,1406,1406,
,10,1407,1407,
,4,1408,1408,
,5,1409,1409,
,10,1410,1410,
,4,1411,1411,
,6,1412,1412,
,6,1413,1413,
,7,1414,1414,
,4,1415,1415,
,13,1416,1416,
,10,1417,1417,
,7,1418,1418,
,3,1419,1419,
,9,1420,1420,
,7,1421,1421,
,9,1422,1422,
,6,1423,1423,
,6,1424,1424,
,6,1425,1425,
,12,1426,1426,
,11,1427,1427,
,5,1428,1428,
,4,1429,1429,
,5,1430,1430,
,0,1431,1431,
,4,1432,1432,
,10,1433,1433,
,2,1434,1434,
,2,1435,1435,
,3,1436,1436,
,4,1437,1437,
,6,1438,1438,
,6,1439,1439,
,4,1440,1440,
,4,1441,1441,
,4,1442,1442,
,4,1443,1443,
,9,1444,1444,
,5,1445,1445,
,2,1446,1446,
,5,1447,1447,
,5,1448,1448,
,4,1449,1449,
,7,1450,1450,
,0,1451,1451,
,4,1452,1452,
,3,1453,1453,
,5,1454,1454,
,6,1455,1455,
,2,1456,1456,
,8,1457,1457,
,1,1458,1458,
,4,1459,1459,
,7,1460,1460,
,4,1461,1461,
,4,1462,1462,
,1,1463,1463,
,1,1464,1464,
,2,1465,1465,
,0,1466,1466,
,7,1467,1467,
,3,1468,1468,
,2,1469,1469,
,3,1470,1470,
,1,1471,1471,
,5,1472,1472,
,1,1473,1473,
,1,1474,1474,
,3,1475,1475,
,1,1476,1476,
,8,1477,1477,
,6,1478,1478,
,5,1479,1479,
,0,1480,1480,
,3,1481,1481,
,3,1482,1482,
,7,1483,1483,
,3,1484,1484,
,2,1485,1485,
,2,1486,1486,
,7,1487,1487,
,1,1488,1488,
,4,1489,1489,
,0,1490,1490,
,2,1491,1491,
,1,1492,1492,
,1,1493,1493,
,5,1494,1494,
,5,1495,1495,
,3,1496,1496,
,5,1497,1497,
,7,1498,1498,
,1,1499,1499,
,6,1500,1500,
,3,1501,1501,
,2,1502,1502,
,7,1503,1503,
,1,1504,1504,
,4,1505,1505,
,4,1506,1506,
,1,1507,1507,
,3,1508,1508,
,10,1509,1509,
,3,1510,1510,
,2,1511,1511,
,6,1512,1512,
,4,1513,1513,
,3,1514,1514,
,6,1515,1515,
,5,1516,1516,
,6,1517,1517,
,3,1518,1518,
,4,1519,1519,
,1,1520,1520,
,8,1521,1521,
,6,1522,1522,
,5,1523,1523,
,5,1524,1524,
,9,1525,1525,
,6,1526,1526,
,8,1527,1527,
,6,1528,1528,
,6,1529,1529,
,8,1530,1530,
,8,1531,1531,
,5,1532,1532,
,10,1533,1533,
,7,1534,1534,
,7,1535,1535,
,8,1536,1536,
,8,1537,1537,
,11,1538,1538,
,4,1539,1539,
,12,1540,1540,
,8,1541,1541,
,5,1542,1542,
,5,1543,1543,
,6,1544,1544,
,11,1545,1545,
,11,1546,1546,
,12,1547,1547,
,10,1548,1548,
,8,1549,1549,
,8,1550,1550,
,9,1551,1551,
,9,1552,1552,
,6,1553,1553,
,8,1554,1554,
,13,1555,1555,
,12,1556,1556,
,16,1557,1557,
,12,1558,1558,
,16,1559,1559,
,8,1560,1560,
,7,1561,1561,
,15,1562,1562,
,11,1563,1563,
,8,1564,1564,
,14,1565,1565,
,11,1566,1566,
,12,1567,1567,
,14,1568,1568,
,13,1569,1569,
,17,1570,1570,
,10,1571,1571,
,9,1572,1572,
,15,1573,1573,
,15,1574,1574,
,8,1575,1575,
,14,1576,1576,
,16,1577,1577,
,11,1578,1578,
,11,1579,1579,
,6,1580,1580,
,14,1581,1581,
,11,1582,1582,
,19,1583,1583,
,14,1584,1584,
,9,1585,1585,
,20,1586,1586,
,11,1587,1587,
,16,1588,1588,
,21,1589,1589,
,20,1590,1590,
,18,1591,1591,
,18,1592,1592,
,21,1593,1593,
,15,1594,1594,
,17,1595,1595,
,14,1596,1596,
,22,1597,1597,
,15,1598,1598,
,17,1599,1599,
,19,1600,1600,
,16,1601,1601,
,7,1602,1602,
,18,1603,1603,
,23,1604,1604,
,19,1605,1605,
,17,1606,1606,
,17,1607,1607,
,12,1608,1608,
,21,1609,1609,
,12,1610,1610,
,14,1611,1611,
,17,1612,1612,
,19,1613,1613,
,20,1614,1614,
,15,1615,1615,
,21,1616,1616,
,4,1617,1617,
,20,1618,1618,
,14,1619,1619,
,22,1620,1620,
,15,1621,1621,
,17,1622,1622,
,18,1623,1623,
,16,1624,1624,
,15,1625,1625,
,17,1626,1626,
,16,1627,1627,
,15,1628,1628,
,16,1629,1629,
,17,1630,1630,
,16,1631,1631,
,18,1632,1632,
,8,1633,1633,
,14,1634,1634,
,20,1635,1635,
,21,1636,1636,
,12,1637,1637,
,17,1638,1638,
,18,1639,1639,
,12,1640,1640,
,15,1641,1641,
,8,1642,1642,
,13,1643,1643,
,17,1644,1644,
,12,1645,1645,
,16,1646,1646,
,16,1647,1647,
,16,1648,1648,
,22,1649,1649,
,17,1650,1650,
,12,1651,1651,
,12,1652,1652,
,11,1653,1653,
,12,1654,1654,
,15,1655,1655,
,16,1656,1656,
,16,1657,1657,
,12,1658,1658,
,9,1659,1659,
,13,1660,1660,
,9,1661,1661,
,16,1662,1662,
,10,1663,1663,
,11,1664,1664,
,18,1665,1665,
,20,1666,1666,
,16,1667,1667,
,10,1668,1668,
,13,1669,1669,
,17,1670,1670,
,12,1671,1671,
,18,1672,1672,
,9,1673,1673,
,13,1674,1674,
,13,1675,1675,
,14,1676,1676,
,5,1677,1677,
,11,1678,1678,
,14,1679,1679,
,11,1680,1680,
,14,1681,1681,
,17,1682,1682,
,17,1683,1683,
,8,1684,1684,
,10,1685,1685,
,8,1686,1686,
,7,1687,1687,
,12,1688,1688,
,11,1689,1689,
,6,1690,1690,
,9,1691,1691,
,9,1692,1692,
,9,1693,1693,
,13,1694,1694,
,6,1695,1695,
,6,1696,1696,
,7,1697,1697,
,11,1698,1698,
,12,1699,1699,
,8,1700,1700,
,11,1701,1701,
,6,1702,1702,
,8,1703,1703,
,5,1704,1704,
,11,1705,1705,
,8,1706,1706,
,12,1707,1707,
,4,1708,1708,
,8,1709,1709,
,7,1710,1710,
,8,1711,1711,
,3,1712,1712,
,6,1713,1713,
,5,1714,1714,
,8,1715,1715,
,5,1716,1716,
,2,1717,1717,
,7,1718,1718,
,10,1719,1719,
,7,1720,1720,
,8,1721,1721,
,6,1722,1722,
,7,1723,1723,
,4,1724,1724,
,9,1725,1725,
,3,1726,1726,
,6,1727,1727,
,3,1728,1728,
,4,1729,1729,
,7,1730,1730,
,3,1731,1731,
,5,1732,1732,
,3,1733,1733,
,7,1734,1734,
,6,1735,1735,
,3,1736,1736,
,5,1737,1737,
,2,1738,1738,
,6,1739,1739,
,4,1740,1740,
,3,1741,1741,
,6,1742,1742,
,6,1743,1743,
,3,1744,1744,
,5,1745,1745,
,5,1746,1746,
,7,1747,1747,
,3,1748,1748,
,2,1749,1749,
,5,1750,1750,
,6,1751,1751,
,2,1752,1752,
,1,1753,1753,
,8,1754,1754,
,4,1755,1755,
,2,1756,1756,
,3,1757,1757,
,5,1758,1758,
,3,1759,1759,
,3,1760,1760,
,1,1761,1761,
,3,1762,1762,
,2,1763,1763,
,1,1764,1764,
,2,1765,1765,
,4,1766,1766,
,4,1767,1767,
,2,1768,1768,
,1,1769,1769,
,2,1770,1770,
,2,1771,1771,
,3,1772,1772,
,2,1773,1773,
,1,1774,1774,
,1,1775,1775,
,3,1776,1776,
,1,1777,1777,
,0,1778,1778,
,2,1779,1779,
,2,1780,1780,
,2,1781,1781,
,0,1782,1782,
,3,1783,1783,
,1,1784,1784,
,1,1785,1785,
,0,1786,1786,
,2,1787,1787,
,0,1788,1788,
,2,1789,1789,
,1,1790,1790,
,5,1791,1791,
,2,1792,1792,
,0,1793,1793,
,4,1794,1794,
,1,1795,1795,
,1,1796,1796,
,3,1797,1797,
,2,1798,1798,
,1,1799,1799,
,0,1800,1800,
,2,1801,1801,
,3,1802,1802,
,1,1803,1803,
,1,1804,1804,
,2,1805,1805,
,2,1806,1806,
,0,1807,1807,
,1,1808,1808,
,0,1809,1809,
,0,1810,1810,
,2,1811,1811,
,0,1812,1812,
,3,1813,1813,
,2,1814,1814,
,0,1815,1815,
,3,1816,1816,
,2,1817,1817,
,1,1818,1818,
,2,1819,1819,
,2,1820,1820,
,3,1821,1821,
,0,1822,1822,
,0,1823,1823,
,0,1824,1824,
,0,1825,1825,
,0,1826,1826,
,1,1827,1827,
,0,1828,1828,
,1,1829,1829,
,1,1830,1830,
,1,1831,1831,
,0,1832,1832,
,0,1833,1833,
,2,1834,1834,
,4,1835,1835,
,1,1836,1836,
,2,1837,1837,
,0,1838,1838,
,1,1839,1839,
,0,1840,1840,
,0,1841,1841,
,0,1842,1842,
,2,1843,1843,
,1,1844,1844,
,0,1845,1845,
,0,1846,1846,
,1,1847,1847,
,0,1848,1848,
,2,1849,1849,
,1,1850,1850,
,0,1851,1851,
,0,1852,1852,
,1,1853,1853,
,0,1854,1854,
,0,1855,1855,
,3,1856,1856,
,0,1857,1857,
,0,1858,1858,
,0,1859,1859,
,0,1860,1860,
,0,1861,1861,
,0,1862,1862,
,1,1863,1863,
,0,1864,1864,
,1,1865,1865,
,0,1866,1866,
,0,1867,1867,
,1,1868,1868,
,0,1869,1869,
,1,1870,1870,
,0,1871,1871,
,0,1872,1872,
,1,1873,1873,
,0,1874,1874,
,0,1875,1875,
,0,1876,1876,
,1,1877,1877,
,0,1878,1878,
,0,1879,1879,
,0,1880,1880,
,0,1881,1881,
,0,1882,1882,
,0,1883,1883,
,0,1884,1884,
,0,1885,1885,
,0,1886,1886,
,0,1887,1887,
,0,1888,1888,
,0,1889,1889,
,1,1890,1890,
,0,1891,1891,
,0,1892,1892,
,0,1893,1893,
,0,1894,1894,
,0,1895,1895,
,0,1896,1896,
,0,1897,1897,
,1,1898,1898,
,0,1899,1899,
,0,1900,1900,
,0,1901,1901,
,0,1902,1902,
,0,1903,1903,
,0,1904,1904,
,0,1905,1905,
,0,1906,1906,
,0,1907,1907,
,1,1908,1908,
,1,1909,1909,
,0,1910,1910,
,0,1911,1911,
,0,1912,1912,
,0,1913,1913,
,1,1914,1914,
,0,1915,1915,
,0,1916,1916,
,1,1917,1917,
,0,1918,1918,
,1,1919,1919,
,0,1920,1920,
,0,1921,1921,
,0,1922,1922,
,1,1923,1923,
,0,1924,1924,
,0,1925,1925,
,0,1926,1926,
,0,1927,1927,
,0,1928,1928,
,0,1929,1929,
,0,1930,1930,
,0,1931,1931,
,0,1932,1932,
,0,1933,1933,
,0,1934,1934,
,0,1935,1935,
,0,1936,1936,
,0,1937,1937,
,0,1938,1938,
,0,1939,1939,
,0,1940,1940,
,0,1941,1941,
,0,1942,1942,
,1,1943,1943,
,0,1944,1944,
,0,1945,1945,
,1,1946,1946,
,0,1947,1947,
,0,1948,1948,
,1,1949,1949,
,0,1950,1950,
,0,1951,1951,
,0,1952,1952,
,0,1953,1953,
,0,1954,1954,
,0,1955,1955,
,0,1956,1956,
,0,1957,1957,
,0,1958,1958,
,0,1959,1959,
,0,1960,1960,
,0,1961,1961,
,0,1962,1962,
,0,1963,1963,
,0,1964,1964,
,0,1965,1965,
,0,1966,1966,
,0,1967,1967,
,1,1968,1968,
,0,1969,1969,
,0,1970,1970,
,0,1971,1971,
,0,1972,1972,
,0,1973,1973,
,0,1974,1974,
,0,1975,1975,
,0,1976,1976,
,1,1977,1977,
,0,1978,1978,
,0,1979,1979,
,0,1980,1980,
,0,1981,1981,
,0,1982,1982,
,0,1983,1983,
,0,1984,1984,
,0,1985,1985,
,1,1986,1986,
,0,1987,1987,
,0,1988,1988,
,0,1989,1989,
,0,1990,1990,
,0,1991,1991,
,1,1992,1992,
,0,1993,1993,
,0,1994,1994,
,0,1995,1995,
,0,1996,1996,
,0,1997,1997,
,0,1998,1998,
,0,1999,1999,
,0,2000,2000,
,1,2001,2001,
,0,2002,2002,
,0,2003,2003,
,0,2004,2004,
,0,2005,2005,
,0,2006,2006,
,0,2007,2007,
,0,2008,2008,
,0,2009,2009,
,0,2010,2010,
,0,2011,2011,
,0,2012,2012,
,1,2013,2013,
,0,2014,2014,
,0,2015,2015,
,0,2016,2016,
,1,2017,2017,
,0,2018,2018,
,0,2019,2019,
,0,2020,2020,
,0,2021,2021,
,0,2022,2022,
,0,2023,2023,
,0,2024,2024,
,0,2025,2025,
,0,2026,2026,
,0,2027,2027,
,0,2028,2028,
,0,2029,2029,
,0,2030,2030,
,0,2031,2031,
,0,2032,2032,
,2,2033,2033,
,1,2034,2034,
,0,2035,2035,
,2,2036,2036,
,0,2037,2037,
,1,2038,2038,
,0,2039,2039,
,0,2040,2040,
,0,2041,2041,
,0,2042,2042,
,0,2043,2043,
,1,2044,2044,
,0,2045,2045,
,1,2046,2046,
,31,2047,2047,
