Time t / s,Events N,Channel n,Energy E / keV,Voltage U / V,gain (unitless)
0,0,0,0,699.6015625,-8.04
1.001,0,1,1,700.765625,
2,0,2,2,700.765625,
3.001,0,3,3,700.765625,
4,0,4,4,700.765625,
4.999,0,5,5,700.765625,
6,0,6,6,700.765625,
7,0,7,7,700.765625,
8.001,0,8,8,700.765625,
9.001,0,9,9,701.1536458,
10.001,0,10,10,701.9296875,
11.001,0,11,11,701.5416667,
12.001,0,12,12,701.1536458,
13.001,0,13,13,701.5416667,
14,0,14,14,701.1536458,
15.001,0,15,15,701.9296875,
16.001,0,16,16,700.765625,
17.001,0,17,17,701.1536458,
18.001,0,18,18,701.9296875,
19,0,19,19,701.1536458,
20.001,0,20,20,701.9296875,
21,0,21,21,701.1536458,
22,0,22,22,701.5416667,
23.001,0,23,23,701.5416667,
24,3,24,24,700.765625,
25,2,25,25,700.765625,
26,3,26,26,700.765625,
27,3,27,27,700.765625,
28,1,28,28,700.765625,
29,1,29,29,700.765625,
30.001,2,30,30,701.1536458,
31.001,1,31,31,701.5416667,
32,5,32,32,701.9296875,
32.999,3,33,33,701.1536458,
34,2,34,34,701.9296875,
35,3,35,35,701.5416667,
36,2,36,36,701.9296875,
37.001,1,37,37,701.9296875,
38,1,38,38,701.9296875,
39.001,1,39,39,701.1536458,
40.001,2,40,40,701.1536458,
41.001,0,41,41,700.765625,
42.001,1,42,42,700.765625,
43,1,43,43,700.765625,
44,0,44,44,701.5416667,
45.001,3,45,45,700.765625,
46,1,46,46,700.765625,
47.001,4,47,47,700.765625,
48.001,2,48,48,700.765625,
49.001,4,49,49,701.9296875,
50.001,4,50,50,701.9296875,
50.999,3,51,51,700.765625,
52,3,52,52,701.9296875,
53,3,53,53,701.9296875,
54.001,0,54,54,700.765625,
55.001,2,55,55,700.765625,
56,0,56,56,701.5416667,
57.001,1,57,57,700.765625,
58.001,3,58,58,700.765625,
59.001,1,59,59,700.765625,
60.001,1,60,60,700.765625,
61.001,1,61,61,700.765625,
62.001,0,62,62,701.1536458,
63.001,1,63,63,701.9296875,
64.001,2,64,64,700.765625,
65.001,2,65,65,700.765625,
66,1,66,66,701.5416667,
67,2,67,67,701.9296875,
68,1,68,68,701.9296875,
69.001,1,69,69,701.1536458,
70,1,70,70,701.9296875,
71.001,0,71,71,701.5416667,
72.001,5,72,72,700.765625,
73.001,2,73,73,700.765625,
74.001,2,74,74,701.1536458,
75.001,3,75,75,700.765625,
76.001,1,76,76,700.765625,
77,2,77,77,701.9296875,
78.001,1,78,78,701.5416667,
79,2,79,79,701.9296875,
80,4,80,80,701.5416667,
81.001,2,81,81,701.1536458,
82,2,82,82,701.5416667,
83.001,3,83,83,701.9296875,
84.001,3,84,84,701.5416667,
85.001,2,85,85,701.5416667,
86.001,1,86,86,700.765625,
87,3,87,87,700.765625,
88,5,88,88,700.765625,
89.001,1,89,89,700.765625,
90.001,3,90,90,701.1536458,
91.002,2,91,91,701.9296875,
92,4,92,92,701.5416667,
93,1,93,93,701.9296875,
94,6,94,94,701.9296875,
95,2,95,95,701.5416667,
96.001,4,96,96,701.1536458,
97,2,97,97,700.765625,
98,4,98,98,699.9895833,
99,3,99,99,700.765625,
100,4,100,100,701.5416667,
101,2,101,101,701.1536458,
102.001,2,102,102,701.5416667,
103.001,3,103,103,701.5416667,
104.001,2,104,104,700.765625,
105,3,105,105,701.5416667,
106,2,106,106,701.1536458,
107,5,107,107,700.765625,
108,3,108,108,700.765625,
109.001,2,109,109,700.765625,
110,2,110,110,700.765625,
111,2,111,111,700.765625,
112.001,0,112,112,701.1536458,
113.001,0,113,113,701.1536458,
114.001,1,114,114,701.9296875,
115,4,115,115,701.5416667,
116,4,116,116,701.1536458,
117.001,1,117,117,701.9296875,
118,3,118,118,701.9296875,
119,1,119,119,701.5416667,
120,0,120,120,701.5416667,
121,1,121,121,700.765625,
122.001,4,122,122,701.1536458,
123,2,123,123,700.765625,
124.001,5,124,124,700.765625,
125,5,125,125,700.765625,
126.001,2,126,126,701.1536458,
127.001,7,127,127,701.1536458,
128.001,2,128,128,701.1536458,
129,2,129,129,701.9296875,
130.001,8,130,130,701.9296875,
131,0,131,131,701.9296875,
132.001,2,132,132,701.5416667,
133.002,4,133,133,701.5416667,
134,4,134,134,701.9296875,
135,3,135,135,701.5416667,
136,8,136,136,700.765625,
137,6,137,137,700.765625,
138,3,138,138,700.765625,
139,1,139,139,700.765625,
140,3,140,140,701.9296875,
141.001,1,141,141,701.1536458,
141.999,3,142,142,701.5416667,
143.001,5,143,143,701.5416667,
144.001,3,144,144,701.9296875,
145,0,145,145,701.9296875,
146.001,1,146,146,701.5416667,
147.001,7,147,147,700.765625,
148.001,4,148,148,700.765625,
149,4,149,149,700.765625,
150,7,150,150,701.5416667,
151.001,6,151,151,700.765625,
152,2,152,152,701.9296875,
153.001,5,153,153,701.1536458,
154.001,5,154,154,701.1536458,
155.001,4,155,155,701.9296875,
156,6,156,156,701.9296875,
157,5,157,157,701.5416667,
158,5,158,158,701.5416667,
159.001,6,159,159,701.1536458,
160,4,160,160,701.1536458,
161.001,6,161,161,700.765625,
162,4,162,162,701.1536458,
163,1,163,163,700.765625,
164.001,1,164,164,701.9296875,
165.001,3,165,165,701.1536458,
166.001,6,166,166,701.9296875,
167,4,167,167,701.9296875,
168,4,168,168,701.9296875,
169,2,169,169,701.5416667,
170.001,5,170,170,701.5416667,
171,2,171,171,700.765625,
172,3,172,172,701.1536458,
173.001,7,173,173,700.765625,
174.001,5,174,174,700.765625,
175,2,175,175,700.765625,
176,5,176,176,700.3776042,
177,4,177,177,701.1536458,
178,5,178,178,701.9296875,
179,4,179,179,701.5416667,
180.001,2,180,180,701.9296875,
181,5,181,181,701.9296875,
182,2,182,182,701.9296875,
183,2,183,183,701.5416667,
184,2,184,184,701.9296875,
185.001,4,185,185,701.9296875,
186.001,3,186,186,701.1536458,
187,2,187,187,701.5416667,
188,2,188,188,701.9296875,
189,4,189,189,701.5416667,
190.003,2,190,190,701.1536458,
191.001,3,191,191,701.9296875,
192.001,4,192,192,701.9296875,
193.001,4,193,193,701.9296875,
194,7,194,194,701.1536458,
195.001,6,195,195,701.1536458,
196,4,196,196,701.9296875,
197,6,197,197,701.1536458,
198,3,198,198,701.5416667,
199,2,199,199,701.1536458,
200.001,7,200,200,701.1536458,
201,3,201,201,700.765625,
202.001,5,202,202,700.765625,
203.001,6,203,203,700.765625,
204.001,3,204,204,700.765625,
205.001,3,205,205,700.765625,
206.001,6,206,206,700.765625,
207,2,207,207,700.765625,
208,9,208,208,701.9296875,
209.001,1,209,209,701.5416667,
210,2,210,210,701.9296875,
211.001,3,211,211,701.9296875,
212.001,5,212,212,701.9296875,
213.001,5,213,213,701.1536458,
214,4,214,214,701.9296875,
215,2,215,215,701.1536458,
216.001,3,216,216,702.3177083,
217.001,6,217,217,700.765625,
218,5,218,218,700.765625,
219.001,10,219,219,700.765625,
220.001,7,220,220,701.1536458,
221.001,6,221,221,701.1536458,
222.001,4,222,222,701.9296875,
223.001,9,223,223,701.9296875,
224.001,5,224,224,701.9296875,
225,2,225,225,701.9296875,
226.001,7,226,226,701.9296875,
227,3,227,227,701.5416667,
228.001,3,228,228,700.765625,
229,7,229,229,701.5416667,
230.001,5,230,230,700.765625,
231,2,231,231,701.1536458,
232.001,4,232,232,700.765625,
233.001,1,233,233,700.765625,
234,3,234,234,701.9296875,
235.001,4,235,235,701.5416667,
236,3,236,236,701.5416667,
237,3,237,237,701.9296875,
238.001,10,238,238,701.9296875,
239.001,3,239,239,700.765625,
240,5,240,240,701.9296875,
241.001,6,241,241,700.765625,
242,3,242,242,700.765625,
243.001,2,243,243,700.765625,
244,5,244,244,700.765625,
245.001,5,245,245,700.765625,
246,3,246,246,700.765625,
247.001,10,247,247,700.765625,
248,4,248,248,700.765625,
249.001,7,249,249,701.9296875,
250,13,250,250,701.5416667,
251,4,251,251,701.9296875,
252,4,252,252,701.1536458,
253,3,253,253,701.1536458,
254,6,254,254,701.9296875,
255,6,255,255,700.765625,
256,6,256,256,701.9296875,
257.001,7,257,257,701.9296875,
258,7,258,258,701.1536458,
259,2,259,259,700.765625,
260,4,260,260,701.1536458,
261.001,7,261,261,700.765625,
262.001,6,262,262,701.1536458,
263,5,263,263,701.5416667,
264,7,264,264,701.9296875,
265.001,3,265,265,701.5416667,
266.001,8,266,266,701.9296875,
267.001,5,267,267,701.5416667,
268,5,268,268,700.765625,
269.001,8,269,269,700.765625,
270.001,2,270,270,700.765625,
271.001,6,271,271,701.1536458,
272,8,272,272,701.9296875,
273.001,2,273,273,701.9296875,
274.001,7,274,274,701.9296875,
275,4,275,275,701.9296875,
276.001,7,276,276,701.5416667,
277,5,277,277,701.1536458,
278.001,6,278,278,700.765625,
279.001,4,279,279,700.765625,
280.001,3,280,280,700.765625,
281,3,281,281,700.765625,
282,12,282,282,701.1536458,
283,7,283,283,701.9296875,
284.002,5,284,284,701.9296875,
285,6,285,285,701.9296875,
286.001,2,286,286,701.5416667,
287,8,287,287,701.9296875,
288.001,6,288,288,700.765625,
289,5,289,289,701.1536458,
290.001,5,290,290,701.1536458,
291.001,8,291,291,700.765625,
292,6,292,292,701.9296875,
293.001,5,293,293,701.5416667,
294,2,294,294,701.1536458,
295.001,7,295,295,701.5416667,
296.001,9,296,296,701.9296875,
297,6,297,297,701.5416667,
298,10,298,298,701.9296875,
299.001,5,299,299,701.9296875,
300.001,9,300,300,701.9296875,
301.001,10,301,301,701.5416667,
302.001,5,302,302,700.765625,
303,5,303,303,701.5416667,
304,9,304,304,700.765625,
305.001,10,305,305,700.765625,
306,5,306,306,701.1536458,
307.001,4,307,307,700.765625,
308,8,308,308,700.765625,
309.001,8,309,309,700.765625,
310,9,310,310,700.765625,
311.001,9,311,311,700.765625,
312.001,8,312,312,701.9296875,
313.001,7,313,313,701.5416667,
314,12,314,314,701.9296875,
315.001,12,315,315,701.9296875,
316,8,316,316,701.5416667,
317.001,9,317,317,701.9296875,
318,9,318,318,701.9296875,
319.001,3,319,319,700.765625,
320.001,5,320,320,701.1536458,
321.001,10,321,321,700.765625,
322,12,322,322,701.1536458,
323.001,10,323,323,700.765625,
324.001,7,324,324,700.765625,
325.002,13,325,325,700.765625,
326.001,9,326,326,701.1536458,
327.001,6,327,327,701.5416667,
328.001,6,328,328,701.9296875,
329,8,329,329,701.9296875,
330,7,330,330,701.5416667,
331,14,331,331,701.5416667,
332,17,332,332,701.9296875,
333.001,9,333,333,701.1536458,
334.001,9,334,334,701.5416667,
335.001,8,335,335,700.765625,
336.001,7,336,336,700.765625,
337.001,11,337,337,700.765625,
338,12,338,338,701.1536458,
339,9,339,339,701.1536458,
340.001,6,340,340,701.5416667,
341,12,341,341,701.9296875,
342,13,342,342,701.1536458,
343.001,14,343,343,701.5416667,
344,8,344,344,701.1536458,
345,13,345,345,701.5416667,
346,8,346,346,701.1536458,
347,16,347,347,701.1536458,
348,20,348,348,700.765625,
349.001,11,349,349,701.1536458,
350.001,12,350,350,700.765625,
351.001,14,351,351,701.1536458,
352,14,352,352,701.1536458,
353.001,10,353,353,701.5416667,
354.001,14,354,354,701.9296875,
355.001,9,355,355,701.9296875,
356,11,356,356,701.1536458,
357.001,17,357,357,701.5416667,
358.001,10,358,358,701.1536458,
359,11,359,359,700.765625,
360,14,360,360,700.765625,
361.001,8,361,361,701.1536458,
362.001,12,362,362,701.5416667,
363,9,363,363,701.9296875,
364.001,12,364,364,701.9296875,
365,9,365,365,701.9296875,
366.001,13,366,366,701.1536458,
367,12,367,367,701.1536458,
368,12,368,368,700.765625,
369,5,369,369,700.765625,
370.001,13,370,370,700.765625,
371,18,371,371,701.1536458,
372.001,11,372,372,701.9296875,
373,10,373,373,701.5416667,
374.001,8,374,374,701.5416667,
375,10,375,375,701.1536458,
376.001,4,376,376,701.9296875,
377,5,377,377,701.5416667,
378,8,378,378,701.5416667,
379,11,379,379,700.765625,
380,8,380,380,700.765625,
381.001,13,381,381,700.765625,
382,8,382,382,700.765625,
383.001,5,383,383,700.765625,
384.001,7,384,384,700.765625,
385,8,385,385,700.765625,
386,10,386,386,701.9296875,
387,8,387,387,701.1536458,
388,8,388,388,701.5416667,
389.001,10,389,389,701.9296875,
389.999,15,390,390,701.9296875,
391,10,391,391,701.5416667,
392,4,392,392,701.5416667,
393.001,7,393,393,701.5416667,
394,12,394,394,701.5416667,
395.001,12,395,395,701.1536458,
396.001,10,396,396,700.765625,
397,11,397,397,700.765625,
398.001,8,398,398,700.765625,
399.001,12,399,399,700.765625,
400,6,400,400,700.765625,
401,10,401,401,700.765625,
402,7,402,402,701.5416667,
403,4,403,403,701.9296875,
404.001,7,404,404,701.9296875,
405.001,11,405,405,701.5416667,
406.001,7,406,406,701.5416667,
407.001,7,407,407,701.1536458,
408.001,7,408,408,700.765625,
409,8,409,409,700.765625,
410.001,10,410,410,700.765625,
411.001,3,411,411,701.1536458,
412,8,412,412,701.5416667,
413.001,2,413,413,701.9296875,
414,7,414,414,701.1536458,
415.001,9,415,415,701.9296875,
416.001,7,416,416,701.9296875,
417.001,7,417,417,700.3776042,
418,10,418,418,701.1536458,
419.001,8,419,419,700.765625,
420,10,420,420,700.765625,
421,2,421,421,701.5416667,
422.001,7,422,422,701.9296875,
423,4,423,423,700.765625,
424.001,12,424,424,701.9296875,
425.001,5,425,425,701.9296875,
426.001,8,426,426,701.5416667,
427,6,427,427,701.9296875,
428,12,428,428,702.3177083,
429.001,4,429,429,700.765625,
430,11,430,430,700.765625,
431.001,6,431,431,700.765625,
432.001,4,432,432,700.3776042,
433.001,8,433,433,700.765625,
434,8,434,434,701.5416667,
435.001,5,435,435,700.765625,
436.001,9,436,436,701.5416667,
437,9,437,437,701.1536458,
438,5,438,438,701.9296875,
439.001,9,439,439,701.9296875,
440,7,440,440,701.5416667,
441.001,11,441,441,701.1536458,
442.001,5,442,442,700.765625,
443,10,443,443,700.765625,
444.001,7,444,444,700.765625,
445.001,5,445,445,700.765625,
446,7,446,446,701.1536458,
447.001,1,447,447,701.9296875,
448.001,6,448,448,701.5416667,
449.001,7,449,449,701.9296875,
450.002,9,450,450,701.5416667,
451.001,4,451,451,701.5416667,
452,9,452,452,701.9296875,
453,10,453,453,701.9296875,
454.001,6,454,454,701.1536458,
455.001,7,455,455,700.765625,
456,5,456,456,700.765625,
457.001,5,457,457,700.765625,
458,5,458,458,701.1536458,
459,6,459,459,701.1536458,
460,2,460,460,701.1536458,
461.001,7,461,461,701.1536458,
462,5,462,462,701.1536458,
463.001,1,463,463,701.9296875,
464,7,464,464,701.9296875,
465,3,465,465,701.1536458,
466,6,466,466,701.5416667,
467.001,7,467,467,701.5416667,
468,10,468,468,700.765625,
468.999,6,469,469,700.765625,
470,6,470,470,701.1536458,
471.001,7,471,471,701.1536458,
472.001,3,472,472,700.765625,
473,4,473,473,701.1536458,
474.001,5,474,474,701.5416667,
475.001,3,475,475,701.9296875,
476.001,5,476,476,701.9296875,
477,10,477,477,701.1536458,
478.002,7,478,478,701.9296875,
479.001,4,479,479,701.5416667,
480,7,480,480,700.765625,
481.001,2,481,481,700.765625,
482.001,2,482,482,700.3776042,
483.001,5,483,483,700.765625,
484.001,8,484,484,701.1536458,
485.001,4,485,485,701.5416667,
486.001,6,486,486,700.765625,
486.999,5,487,487,701.9296875,
488,6,488,488,701.9296875,
489.001,5,489,489,701.9296875,
490.001,8,490,490,701.5416667,
491.001,5,491,491,700.765625,
492,7,492,492,700.765625,
492.999,7,493,493,700.765625,
494.001,6,494,494,700.765625,
495.001,4,495,495,701.5416667,
496,6,496,496,701.9296875,
497,10,497,497,701.9296875,
498,6,498,498,701.9296875,
499,8,499,499,700.765625,
500,7,500,500,700.765625,
501,5,501,501,700.765625,
502,4,502,502,700.765625,
503.001,9,503,503,701.9296875,
504.001,8,504,504,701.5416667,
505,10,505,505,701.5416667,
506,6,506,506,701.9296875,
507,6,507,507,701.9296875,
508,6,508,508,700.765625,
509.001,7,509,509,700.765625,
510,7,510,510,700.765625,
511,8,511,511,700.765625,
512,4,512,512,701.1536458,
513,7,513,513,701.9296875,
514,11,514,514,701.5416667,
515.001,3,515,515,701.5416667,
516,3,516,516,701.9296875,
517,5,517,517,700.765625,
518,8,518,518,700.765625,
519.001,3,519,519,700.765625,
520.001,6,520,520,701.5416667,
521.001,6,521,521,701.9296875,
522.001,5,522,522,701.9296875,
523.001,3,523,523,701.9296875,
524,8,524,524,701.5416667,
525,5,525,525,700.765625,
526,4,526,526,700.765625,
527,6,527,527,700.765625,
528.001,9,528,528,700.765625,
529.001,4,529,529,701.5416667,
530,2,530,530,701.9296875,
531,4,531,531,701.9296875,
532,4,532,532,701.9296875,
533,3,533,533,701.5416667,
533.999,5,534,534,701.5416667,
535,6,535,535,700.765625,
536,7,536,536,700.765625,
537.001,11,537,537,700.765625,
538.001,10,538,538,701.1536458,
539,6,539,539,701.9296875,
540.001,5,540,540,700.765625,
541.001,5,541,541,700.765625,
542,10,542,542,701.9296875,
543,10,543,543,700.765625,
544.001,2,544,544,700.765625,
545,7,545,545,700.765625,
546,7,546,546,700.765625,
547,3,547,547,701.1536458,
548,6,548,548,701.1536458,
549,4,549,549,700.765625,
550,2,550,550,701.5416667,
551,5,551,551,701.5416667,
552,6,552,552,701.9296875,
553.001,3,553,553,701.9296875,
554.001,4,554,554,701.9296875,
555,3,555,555,701.5416667,
556.001,4,556,556,701.9296875,
557.001,9,557,557,701.5416667,
558.001,7,558,558,701.1536458,
559,11,559,559,700.765625,
560,4,560,560,700.765625,
561,4,561,561,700.765625,
562,4,562,562,700.765625,
563,7,563,563,701.5416667,
564.001,6,564,564,701.1536458,
565,10,565,565,701.9296875,
566,6,566,566,701.9296875,
567,6,567,567,701.9296875,
568.002,4,568,568,701.9296875,
569.002,9,569,569,701.9296875,
570,6,570,570,701.9296875,
571,4,571,571,701.1536458,
572.001,8,572,572,700.765625,
573,9,573,573,700.765625,
574.001,7,574,574,700.765625,
575.001,4,575,575,700.765625,
576,7,576,576,701.1536458,
577.001,8,577,577,701.9296875,
578.001,7,578,578,700.765625,
579,3,579,579,701.9296875,
580.003,13,580,580,701.5416667,
581,5,581,581,701.9296875,
582,7,582,582,701.5416667,
583.001,10,583,583,701.1536458,
584,2,584,584,700.765625,
585,8,585,585,701.5416667,
586,14,586,586,701.9296875,
587,6,587,587,700.765625,
588.001,6,588,588,700.765625,
589.001,5,589,589,700.765625,
590.001,9,590,590,700.3776042,
591.001,2,591,591,700.765625,
592.001,6,592,592,700.765625,
593,6,593,593,701.1536458,
594,7,594,594,701.5416667,
595.001,6,595,595,701.1536458,
596.001,11,596,596,701.9296875,
597,6,597,597,701.9296875,
598.001,2,598,598,701.9296875,
599.001,5,599,599,701.9296875,
600.001,10,600,600,701.5416667,
601,3,601,601,700.765625,
602.001,8,602,602,701.1536458,
603.001,9,603,603,701.1536458,
604,8,604,604,700.765625,
605.001,8,605,605,700.765625,
606.001,8,606,606,700.765625,
607.001,10,607,607,700.765625,
608,6,608,608,700.765625,
608.999,5,609,609,700.3776042,
610.001,5,610,610,700.765625,
611.001,9,611,611,700.765625,
612.001,3,612,612,700.765625,
613,3,613,613,701.5416667,
614.001,6,614,614,701.5416667,
615.001,6,615,615,700.765625,
616,8,616,616,701.5416667,
617.001,5,617,617,701.5416667,
617.999,6,618,618,701.1536458,
619.001,5,619,619,701.9296875,
620.001,4,620,620,701.9296875,
621,7,621,621,701.9296875,
622.001,4,622,622,701.5416667,
623.001,6,623,623,701.1536458,
624.001,6,624,624,701.9296875,
625.001,7,625,625,700.765625,
626,4,626,626,701.1536458,
627,4,627,627,701.1536458,
628,5,628,628,700.765625,
629.001,5,629,629,701.5416667,
630.001,10,630,630,701.5416667,
631.001,6,631,631,701.1536458,
632.001,9,632,632,700.765625,
633,7,633,633,701.1536458,
633.999,8,634,634,700.765625,
635.001,8,635,635,700.765625,
636.001,8,636,636,701.1536458,
637.001,5,637,637,700.765625,
638.001,5,638,638,700.765625,
639.001,6,639,639,700.765625,
640,6,640,640,700.765625,
641.001,9,641,641,700.765625,
642,9,642,642,700.765625,
643.001,4,643,643,700.765625,
644,6,644,644,700.765625,
645.001,9,645,645,700.765625,
646.001,11,646,646,700.765625,
647.001,7,647,647,700.765625,
648.001,4,648,648,700.765625,
649.001,6,649,649,700.765625,
650,2,650,650,701.5416667,
651,12,651,651,701.9296875,
652,3,652,652,701.9296875,
653,5,653,653,701.9296875,
654.001,4,654,654,701.9296875,
655,7,655,655,701.9296875,
656.001,3,656,656,701.9296875,
657.001,7,657,657,701.9296875,
658,4,658,658,701.9296875,
659,9,659,659,701.9296875,
660,2,660,660,701.9296875,
661.001,5,661,661,701.5416667,
662.001,4,662,662,701.1536458,
663,3,663,663,700.765625,
664.001,3,664,664,700.765625,
664.999,6,665,665,700.765625,
666,2,666,666,700.765625,
667,6,667,667,700.765625,
668.001,6,668,668,700.765625,
669,6,669,669,700.765625,
670,6,670,670,701.1536458,
671,6,671,671,701.5416667,
672.001,6,672,672,701.9296875,
673.001,5,673,673,701.9296875,
674,10,674,674,701.9296875,
675.001,5,675,675,701.9296875,
676.001,2,676,676,701.5416667,
677.001,5,677,677,701.5416667,
678.001,3,678,678,701.5416667,
679,1,679,679,701.1536458,
680,5,680,680,700.765625,
681,6,681,681,701.1536458,
682,6,682,682,701.5416667,
683.001,6,683,683,700.765625,
684.001,4,684,684,700.765625,
685.001,7,685,685,700.765625,
686.001,4,686,686,700.765625,
687,7,687,687,700.765625,
688,5,688,688,700.765625,
689,3,689,689,700.765625,
690,4,690,690,700.765625,
691,11,691,691,701.1536458,
692,2,692,692,701.1536458,
693.001,7,693,693,701.9296875,
694,1,694,694,701.1536458,
695,8,695,695,701.1536458,
696,4,696,696,701.1536458,
697,4,697,697,701.5416667,
698.001,4,698,698,700.765625,
699,3,699,699,701.9296875,
700,3,700,700,701.1536458,
701,7,701,701,701.1536458,
702.001,5,702,702,701.9296875,
703,4,703,703,700.765625,
704.001,5,704,704,700.765625,
705.001,6,705,705,700.765625,
706.001,5,706,706,700.765625,
707.001,3,707,707,700.765625,
708.001,5,708,708,701.1536458,
709,9,709,709,700.765625,
710,2,710,710,701.5416667,
711.001,5,711,711,701.9296875,
712,5,712,712,701.9296875,
713,7,713,713,701.9296875,
714.001,4,714,714,700.765625,
715.001,7,715,715,701.1536458,
716,10,716,716,701.1536458,
717.001,4,717,717,700.765625,
718.001,2,718,718,700.765625,
719.001,12,719,719,700.765625,
720.001,2,720,720,700.765625,
721,4,721,721,700.765625,
722,2,722,722,701.1536458,
723.001,3,723,723,700.765625,
724,5,724,724,700.765625,
725,4,725,725,701.9296875,
726.001,5,726,726,702.7057292,
727.001,5,727,727,701.1536458,
728,7,728,728,701.5416667,
729,4,729,729,701.5416667,
729.999,3,730,730,701.1536458,
731,4,731,731,701.1536458,
732.001,5,732,732,701.1536458,
733.001,3,733,733,700.765625,
734.001,5,734,734,700.765625,
735.001,11,735,735,700.765625,
735.999,4,736,736,700.765625,
737.001,7,737,737,700.765625,
738,6,738,738,701.5416667,
739,3,739,739,701.5416667,
740,6,740,740,701.9296875,
741,8,741,741,701.5416667,
742,1,742,742,701.9296875,
743.001,6,743,743,701.9296875,
744.001,3,744,744,701.9296875,
745.001,2,745,745,701.1536458,
746.001,5,746,746,701.1536458,
747,5,747,747,700.765625,
748,5,748,748,701.1536458,
749.001,4,749,749,700.765625,
750.001,6,750,750,700.3776042,
751.001,6,751,751,701.1536458,
752.001,3,752,752,701.5416667,
753.001,2,753,753,701.9296875,
754,5,754,754,701.9296875,
755,6,755,755,701.9296875,
756,7,756,756,701.5416667,
757,6,757,757,700.765625,
757.999,2,758,758,700.765625,
759.001,3,759,759,700.765625,
760,7,760,760,700.765625,
761.001,8,761,761,700.765625,
762.001,7,762,762,700.765625,
763.001,6,763,763,701.9296875,
764.001,9,764,764,701.1536458,
765,5,765,765,701.1536458,
766.001,7,766,766,701.5416667,
767.001,5,767,767,701.5416667,
768,8,768,768,701.5416667,
769,7,769,769,700.3776042,
770.001,4,770,770,700.765625,
771,5,771,771,700.765625,
772.001,7,772,772,701.1536458,
773,7,773,773,700.765625,
774.001,4,774,774,701.9296875,
775.001,7,775,775,700.765625,
776.001,4,776,776,701.9296875,
777.001,3,777,777,701.9296875,
778.001,3,778,778,700.765625,
779,4,779,779,701.1536458,
780.001,5,780,780,700.765625,
781.001,4,781,781,701.1536458,
782.001,5,782,782,701.1536458,
783.001,1,783,783,700.765625,
784,4,784,784,701.1536458,
785,3,785,785,701.5416667,
786,8,786,786,701.5416667,
787.001,6,787,787,701.1536458,
788.001,3,788,788,701.9296875,
789.001,3,789,789,701.1536458,
790,6,790,790,701.1536458,
791.001,2,791,791,700.765625,
792.001,4,792,792,700.765625,
793,7,793,793,701.1536458,
794.001,0,794,794,700.765625,
795,4,795,795,701.5416667,
796,2,796,796,701.9296875,
797,3,797,797,701.5416667,
798,5,798,798,701.9296875,
799.001,9,799,799,700.765625,
800.001,4,800,800,701.9296875,
801.001,6,801,801,700.765625,
802.001,3,802,802,700.765625,
803,6,803,803,700.765625,
804.001,9,804,804,700.765625,
805,3,805,805,701.9296875,
806,5,806,806,701.9296875,
807,6,807,807,701.9296875,
808,4,808,808,701.9296875,
809.001,5,809,809,701.1536458,
810,3,810,810,701.1536458,
811,5,811,811,700.765625,
812,4,812,812,700.765625,
813.001,7,813,813,700.765625,
814.001,6,814,814,701.1536458,
815.001,8,815,815,700.765625,
816.001,5,816,816,701.9296875,
817,8,817,817,701.1536458,
818.001,2,818,818,701.9296875,
819,3,819,819,701.5416667,
820,5,820,820,701.1536458,
821,8,821,821,701.1536458,
822.001,3,822,822,700.765625,
823,4,823,823,700.765625,
824.001,8,824,824,700.765625,
825.001,6,825,825,701.9296875,
826,3,826,826,701.9296875,
827.001,3,827,827,700.765625,
828,9,828,828,701.9296875,
829,6,829,829,701.9296875,
830,6,830,830,700.765625,
831.001,2,831,831,700.765625,
832,5,832,832,701.9296875,
833.001,4,833,833,700.765625,
834,3,834,834,701.1536458,
835.001,10,835,835,701.9296875,
836,4,836,836,701.9296875,
837,7,837,837,700.765625,
838,3,838,838,701.9296875,
839.001,4,839,839,701.5416667,
840,2,840,840,700.765625,
841,2,841,841,701.5416667,
842.001,3,842,842,700.765625,
843.001,2,843,843,700.765625,
844,2,844,844,700.3776042,
845,4,845,845,702.7057292,
846.001,3,846,846,701.1536458,
847.001,5,847,847,701.9296875,
848.001,4,848,848,701.5416667,
849.001,5,849,849,701.1536458,
850,4,850,850,701.9296875,
851,1,851,851,701.1536458,
852.001,4,852,852,700.765625,
853.001,7,853,853,700.765625,
854,7,854,854,700.765625,
855,3,855,855,701.1536458,
856.001,7,856,856,700.765625,
857.001,3,857,857,701.9296875,
858,3,858,858,701.5416667,
859,3,859,859,701.5416667,
860.001,4,860,860,701.9296875,
861.001,4,861,861,700.765625,
862.001,6,862,862,701.5416667,
863.001,4,863,863,701.1536458,
864.001,3,864,864,700.765625,
865,2,865,865,701.1536458,
866,6,866,866,701.1536458,
867,8,867,867,700.765625,
868,6,868,868,701.1536458,
869.001,4,869,869,700.765625,
870,5,870,870,700.3776042,
871,3,871,871,700.765625,
872,5,872,872,700.765625,
873,1,873,873,700.765625,
874.001,6,874,874,701.9296875,
875.001,2,875,875,700.765625,
876,3,876,876,701.5416667,
877.001,2,877,877,700.765625,
878,5,878,878,701.1536458,
879.001,3,879,879,701.5416667,
880.001,2,880,880,701.5416667,
881,5,881,881,701.1536458,
882.001,2,882,882,701.5416667,
883.001,3,883,883,701.5416667,
884,4,884,884,701.1536458,
885.001,2,885,885,701.9296875,
886.001,8,886,886,701.5416667,
887,10,887,887,701.5416667,
888,2,888,888,701.9296875,
889.001,5,889,889,701.5416667,
890,4,890,890,701.1536458,
891.001,3,891,891,701.1536458,
892,4,892,892,700.765625,
893.001,4,893,893,700.765625,
894,3,894,894,700.765625,
895.001,8,895,895,701.1536458,
895.999,1,896,896,701.1536458,
897.001,2,897,897,701.5416667,
898.001,3,898,898,701.1536458,
899.001,4,899,899,701.9296875,
900,4,900,900,701.9296875,
901,4,901,901,701.9296875,
902,5,902,902,701.9296875,
903.001,4,903,903,701.1536458,
904.001,7,904,904,700.765625,
905,5,905,905,700.765625,
906,3,906,906,700.765625,
907,1,907,907,700.3776042,
908,6,908,908,701.5416667,
909.001,3,909,909,701.1536458,
910,4,910,910,701.9296875,
911.002,5,911,911,701.5416667,
912,5,912,912,701.9296875,
913.001,4,913,913,700.765625,
914.001,6,914,914,701.5416667,
915.001,6,915,915,701.5416667,
915.999,2,916,916,701.1536458,
917,5,917,917,701.1536458,
918.001,8,918,918,701.5416667,
919,2,919,919,700.3776042,
920,5,920,920,700.765625,
921,5,921,921,700.765625,
922,4,922,922,700.765625,
923.001,5,923,923,700.765625,
924.001,4,924,924,700.765625,
925,5,925,925,700.765625,
926,5,926,926,701.1536458,
927,2,927,927,701.5416667,
928.001,4,928,928,700.765625,
929,5,929,929,701.1536458,
930.001,5,930,930,701.5416667,
931,3,931,931,700.765625,
932.001,2,932,932,701.1536458,
933.001,5,933,933,701.1536458,
934,5,934,934,700.765625,
935.001,5,935,935,700.765625,
936.001,2,936,936,701.5416667,
937,6,937,937,701.1536458,
938,8,938,938,701.5416667,
939,4,939,939,701.9296875,
940.001,2,940,940,701.1536458,
941,1,941,941,701.9296875,
942,4,942,942,700.765625,
943,6,943,943,700.765625,
944,6,944,944,701.1536458,
945,5,945,945,700.765625,
946.001,8,946,946,700.765625,
947,8,947,947,700.765625,
948,1,948,948,701.1536458,
949.001,2,949,949,701.9296875,
950.001,1,950,950,701.9296875,
951,1,951,951,701.9296875,
952,3,952,952,701.9296875,
953.001,10,953,953,701.9296875,
954.001,7,954,954,700.765625,
955.001,5,955,955,700.765625,
956,1,956,956,700.765625,
957,6,957,957,700.765625,
958.001,8,958,958,700.765625,
959.001,4,959,959,701.1536458,
960,4,960,960,701.5416667,
961.001,5,961,961,701.9296875,
962.001,5,962,962,701.9296875,
963,2,963,963,701.1536458,
964.001,7,964,964,701.9296875,
965.001,4,965,965,700.765625,
966,7,966,966,700.765625,
967,6,967,967,700.3776042,
968,7,968,968,701.1536458,
969.001,3,969,969,700.765625,
970.001,10,970,970,700.765625,
971.001,6,971,971,701.5416667,
972,4,972,972,701.5416667,
973.001,3,973,973,701.9296875,
974.001,2,974,974,701.5416667,
975.001,3,975,975,701.1536458,
976,4,976,976,701.1536458,
977.001,7,977,977,700.765625,
978,2,978,978,701.5416667,
979.001,6,979,979,701.9296875,
980,2,980,980,701.5416667,
981.001,8,981,981,701.1536458,
982.001,6,982,982,701.9296875,
983,6,983,983,701.1536458,
984,4,984,984,700.765625,
985,3,985,985,700.3776042,
986.001,2,986,986,701.5416667,
987.001,8,987,987,701.1536458,
988.001,6,988,988,701.9296875,
989,6,989,989,701.5416667,
990.001,8,990,990,701.5416667,
991.001,4,991,991,700.765625,
992,4,992,992,700.765625,
993,3,993,993,700.765625,
994.001,2,994,994,701.5416667,
995,10,995,995,700.765625,
996.001,4,996,996,701.9296875,
997,2,997,997,701.9296875,
998.001,4,998,998,700.765625,
999.001,7,999,999,700.765625,
,8,1000,1000,,
,7,1001,1001,,
,7,1002,1002,,
,4,1003,1003,,
,7,1004,1004,,
,8,1005,1005,,
,5,1006,1006,,
,9,1007,1007,,
,6,1008,1008,,
,6,1009,1009,,
,4,1010,1010,,
,5,1011,1011,,
,4,1012,1012,,
,0,1013,1013,,
,5,1014,1014,,
,5,1015,1015,,
,2,1016,1016,,
,4,1017,1017,,
,3,1018,1018,,
,6,1019,1019,,
,1,1020,1020,,
,3,1021,1021,,
,2,1022,1022,,
,6,1023,1023,,
,4,1024,1024,,
,5,1025,1025,,
,3,1026,1026,,
,8,1027,1027,,
,2,1028,1028,,
,4,1029,1029,,
,8,1030,1030,,
,4,1031,1031,,
,3,1032,1032,,
,4,1033,1033,,
,2,1034,1034,,
,8,1035,1035,,
,4,1036,1036,,
,4,1037,1037,,
,1,1038,1038,,
,4,1039,1039,,
,1,1040,1040,,
,0,1041,1041,,
,1,1042,1042,,
,6,1043,1043,,
,2,1044,1044,,
,2,1045,1045,,
,4,1046,1046,,
,3,1047,1047,,
,4,1048,1048,,
,8,1049,1049,,
,2,1050,1050,,
,3,1051,1051,,
,3,1052,1052,,
,3,1053,1053,,
,2,1054,1054,,
,3,1055,1055,,
,5,1056,1056,,
,5,1057,1057,,
,3,1058,1058,,
,9,1059,1059,,
,6,1060,1060,,
,4,1061,1061,,
,4,1062,1062,,
,4,1063,1063,,
,4,1064,1064,,
,6,1065,1065,,
,6,1066,1066,,
,3,1067,1067,,
,3,1068,1068,,
,6,1069,1069,,
,5,1070,1070,,
,6,1071,1071,,
,5,1072,1072,,
,5,1073,1073,,
,7,1074,1074,,
,6,1075,1075,,
,5,1076,1076,,
,4,1077,1077,,
,6,1078,1078,,
,3,1079,1079,,
,4,1080,1080,,
,1,1081,1081,,
,6,1082,1082,,
,4,1083,1083,,
,3,1084,1084,,
,4,1085,1085,,
,3,1086,1086,,
,6,1087,1087,,
,1,1088,1088,,
,2,1089,1089,,
,2,1090,1090,,
,1,1091,1091,,
,5,1092,1092,,
,6,1093,1093,,
,7,1094,1094,,
,3,1095,1095,,
,2,1096,1096,,
,5,1097,1097,,
,6,1098,1098,,
,2,1099,1099,,
,5,1100,1100,,
,7,1101,1101,,
,2,1102,1102,,
,6,1103,1103,,
,2,1104,1104,,
,9,1105,1105,,
,8,1106,1106,,
,5,1107,1107,,
,6,1108,1108,,
,1,1109,1109,,
,5,1110,1110,,
,4,1111,1111,,
,5,1112,1112,,
,4,1113,1113,,
,6,1114,1114,,
,3,1115,1115,,
,10,1116,1116,,
,2,1117,1117,,
,1,1118,1118,,
,2,1119,1119,,
,4,1120,1120,,
,5,1121,1121,,
,3,1122,1122,,
,4,1123,1123,,
,2,1124,1124,,
,4,1125,1125,,
,2,1126,1126,,
,5,1127,1127,,
,4,1128,1128,,
,7,1129,1129,,
,6,1130,1130,,
,5,1131,1131,,
,4,1132,1132,,
,10,1133,1133,,
,5,1134,1134,,
,5,1135,1135,,
,1,1136,1136,,
,4,1137,1137,,
,1,1138,1138,,
,4,1139,1139,,
,3,1140,1140,,
,7,1141,1141,,
,5,1142,1142,,
,4,1143,1143,,
,6,1144,1144,,
,7,1145,1145,,
,6,1146,1146,,
,2,1147,1147,,
,3,1148,1148,,
,4,1149,1149,,
,0,1150,1150,,
,5,1151,1151,,
,3,1152,1152,,
,3,1153,1153,,
,3,1154,1154,,
,8,1155,1155,,
,6,1156,1156,,
,1,1157,1157,,
,3,1158,1158,,
,6,1159,1159,,
,8,1160,1160,,
,4,1161,1161,,
,4,1162,1162,,
,2,1163,1163,,
,2,1164,1164,,
,5,1165,1165,,
,4,1166,1166,,
,2,1167,1167,,
,2,1168,1168,,
,4,1169,1169,,
,2,1170,1170,,
,3,1171,1171,,
,2,1172,1172,,
,4,1173,1173,,
,1,1174,1174,,
,3,1175,1175,,
,7,1176,1176,,
,5,1177,1177,,
,6,1178,1178,,
,3,1179,1179,,
,3,1180,1180,,
,6,1181,1181,,
,5,1182,1182,,
,5,1183,1183,,
,3,1184,1184,,
,5,1185,1185,,
,5,1186,1186,,
,5,1187,1187,,
,1,1188,1188,,
,5,1189,1189,,
,3,1190,1190,,
,3,1191,1191,,
,6,1192,1192,,
,3,1193,1193,,
,4,1194,1194,,
,2,1195,1195,,
,5,1196,1196,,
,3,1197,1197,,
,8,1198,1198,,
,3,1199,1199,,
,5,1200,1200,,
,4,1201,1201,,
,6,1202,1202,,
,5,1203,1203,,
,6,1204,1204,,
,4,1205,1205,,
,3,1206,1206,,
,3,1207,1207,,
,7,1208,1208,,
,5,1209,1209,,
,3,1210,1210,,
,8,1211,1211,,
,5,1212,1212,,
,2,1213,1213,,
,7,1214,1214,,
,7,1215,1215,,
,3,1216,1216,,
,10,1217,1217,,
,4,1218,1218,,
,3,1219,1219,,
,2,1220,1220,,
,6,1221,1221,,
,7,1222,1222,,
,5,1223,1223,,
,1,1224,1224,,
,2,1225,1225,,
,4,1226,1226,,
,6,1227,1227,,
,2,1228,1228,,
,2,1229,1229,,
,6,1230,1230,,
,7,1231,1231,,
,4,1232,1232,,
,4,1233,1233,,
,1,1234,1234,,
,5,1235,1235,,
,4,1236,1236,,
,4,1237,1237,,
,2,1238,1238,,
,6,1239,1239,,
,6,1240,1240,,
,7,1241,1241,,
,5,1242,1242,,
,7,1243,1243,,
,4,1244,1244,,
,8,1245,1245,,
,6,1246,1246,,
,4,1247,1247,,
,8,1248,1248,,
,5,1249,1249,,
,6,1250,1250,,
,4,1251,1251,,
,6,1252,1252,,
,6,1253,1253,,
,4,1254,1254,,
,6,1255,1255,,
,7,1256,1256,,
,6,1257,1257,,
,3,1258,1258,,
,11,1259,1259,,
,10,1260,1260,,
,5,1261,1261,,
,8,1262,1262,,
,6,1263,1263,,
,6,1264,1264,,
,5,1265,1265,,
,10,1266,1266,,
,4,1267,1267,,
,6,1268,1268,,
,7,1269,1269,,
,10,1270,1270,,
,8,1271,1271,,
,7,1272,1272,,
,6,1273,1273,,
,6,1274,1274,,
,5,1275,1275,,
,9,1276,1276,,
,8,1277,1277,,
,4,1278,1278,,
,6,1279,1279,,
,10,1280,1280,,
,4,1281,1281,,
,5,1282,1282,,
,6,1283,1283,,
,7,1284,1284,,
,9,1285,1285,,
,3,1286,1286,,
,7,1287,1287,,
,9,1288,1288,,
,4,1289,1289,,
,9,1290,1290,,
,5,1291,1291,,
,4,1292,1292,,
,10,1293,1293,,
,7,1294,1294,,
,4,1295,1295,,
,7,1296,1296,,
,5,1297,1297,,
,7,1298,1298,,
,10,1299,1299,,
,6,1300,1300,,
,6,1301,1301,,
,9,1302,1302,,
,6,1303,1303,,
,6,1304,1304,,
,1,1305,1305,,
,5,1306,1306,,
,5,1307,1307,,
,5,1308,1308,,
,6,1309,1309,,
,7,1310,1310,,
,8,1311,1311,,
,2,1312,1312,,
,4,1313,1313,,
,5,1314,1314,,
,4,1315,1315,,
,5,1316,1316,,
,7,1317,1317,,
,4,1318,1318,,
,6,1319,1319,,
,12,1320,1320,,
,6,1321,1321,,
,7,1322,1322,,
,10,1323,1323,,
,8,1324,1324,,
,8,1325,1325,,
,8,1326,1326,,
,5,1327,1327,,
,4,1328,1328,,
,7,1329,1329,,
,4,1330,1330,,
,5,1331,1331,,
,12,1332,1332,,
,4,1333,1333,,
,8,1334,1334,,
,8,1335,1335,,
,2,1336,1336,,
,6,1337,1337,,
,4,1338,1338,,
,2,1339,1339,,
,8,1340,1340,,
,3,1341,1341,,
,7,1342,1342,,
,4,1343,1343,,
,6,1344,1344,,
,9,1345,1345,,
,3,1346,1346,,
,4,1347,1347,,
,8,1348,1348,,
,4,1349,1349,,
,8,1350,1350,,
,7,1351,1351,,
,3,1352,1352,,
,7,1353,1353,,
,5,1354,1354,,
,8,1355,1355,,
,5,1356,1356,,
,7,1357,1357,,
,8,1358,1358,,
,6,1359,1359,,
,4,1360,1360,,
,9,1361,1361,,
,6,1362,1362,,
,4,1363,1363,,
,6,1364,1364,,
,4,1365,1365,,
,2,1366,1366,,
,3,1367,1367,,
,4,1368,1368,,
,4,1369,1369,,
,5,1370,1370,,
,4,1371,1371,,
,4,1372,1372,,
,4,1373,1373,,
,7,1374,1374,,
,5,1375,1375,,
,7,1376,1376,,
,6,1377,1377,,
,3,1378,1378,,
,4,1379,1379,,
,3,1380,1380,,
,6,1381,1381,,
,6,1382,1382,,
,6,1383,1383,,
,4,1384,1384,,
,1,1385,1385,,
,5,1386,1386,,
,5,1387,1387,,
,4,1388,1388,,
,6,1389,1389,,
,6,1390,1390,,
,4,1391,1391,,
,8,1392,1392,,
,7,1393,1393,,
,4,1394,1394,,
,1,1395,1395,,
,2,1396,1396,,
,1,1397,1397,,
,5,1398,1398,,
,7,1399,1399,,
,1,1400,1400,,
,3,1401,1401,,
,4,1402,1402,,
,3,1403,1403,,
,6,1404,1404,,
,4,1405,1405,,
,5,1406,1406,,
,2,1407,1407,,
,2,1408,1408,,
,2,1409,1409,,
,1,1410,1410,,
,4,1411,1411,,
,5,1412,1412,,
,4,1413,1413,,
,6,1414,1414,,
,3,1415,1415,,
,4,1416,1416,,
,3,1417,1417,,
,3,1418,1418,,
,3,1419,1419,,
,4,1420,1420,,
,8,1421,1421,,
,3,1422,1422,,
,4,1423,1423,,
,5,1424,1424,,
,3,1425,1425,,
,1,1426,1426,,
,4,1427,1427,,
,9,1428,1428,,
,7,1429,1429,,
,2,1430,1430,,
,3,1431,1431,,
,1,1432,1432,,
,5,1433,1433,,
,3,1434,1434,,
,7,1435,1435,,
,1,1436,1436,,
,3,1437,1437,,
,2,1438,1438,,
,1,1439,1439,,
,3,1440,1440,,
,3,1441,1441,,
,5,1442,1442,,
,4,1443,1443,,
,3,1444,1444,,
,1,1445,1445,,
,2,1446,1446,,
,1,1447,1447,,
,2,1448,1448,,
,2,1449,1449,,
,3,1450,1450,,
,0,1451,1451,,
,3,1452,1452,,
,3,1453,1453,,
,4,1454,1454,,
,2,1455,1455,,
,5,1456,1456,,
,5,1457,1457,,
,8,1458,1458,,
,3,1459,1459,,
,3,1460,1460,,
,6,1461,1461,,
,2,1462,1462,,
,3,1463,1463,,
,3,1464,1464,,
,2,1465,1465,,
,4,1466,1466,,
,2,1467,1467,,
,4,1468,1468,,
,3,1469,1469,,
,1,1470,1470,,
,1,1471,1471,,
,5,1472,1472,,
,3,1473,1473,,
,2,1474,1474,,
,3,1475,1475,,
,1,1476,1476,,
,2,1477,1477,,
,2,1478,1478,,
,3,1479,1479,,
,0,1480,1480,,
,5,1481,1481,,
,3,1482,1482,,
,5,1483,1483,,
,2,1484,1484,,
,0,1485,1485,,
,4,1486,1486,,
,4,1487,1487,,
,0,1488,1488,,
,3,1489,1489,,
,2,1490,1490,,
,3,1491,1491,,
,3,1492,1492,,
,2,1493,1493,,
,1,1494,1494,,
,6,1495,1495,,
,5,1496,1496,,
,3,1497,1497,,
,5,1498,1498,,
,2,1499,1499,,
,0,1500,1500,,
,1,1501,1501,,
,3,1502,1502,,
,2,1503,1503,,
,1,1504,1504,,
,2,1505,1505,,
,1,1506,1506,,
,2,1507,1507,,
,3,1508,1508,,
,0,1509,1509,,
,1,1510,1510,,
,2,1511,1511,,
,3,1512,1512,,
,5,1513,1513,,
,1,1514,1514,,
,0,1515,1515,,
,3,1516,1516,,
,4,1517,1517,,
,2,1518,1518,,
,1,1519,1519,,
,2,1520,1520,,
,1,1521,1521,,
,1,1522,1522,,
,1,1523,1523,,
,2,1524,1524,,
,1,1525,1525,,
,0,1526,1526,,
,3,1527,1527,,
,3,1528,1528,,
,3,1529,1529,,
,0,1530,1530,,
,1,1531,1531,,
,1,1532,1532,,
,1,1533,1533,,
,2,1534,1534,,
,3,1535,1535,,
,0,1536,1536,,
,1,1537,1537,,
,3,1538,1538,,
,5,1539,1539,,
,3,1540,1540,,
,1,1541,1541,,
,0,1542,1542,,
,1,1543,1543,,
,2,1544,1544,,
,3,1545,1545,,
,1,1546,1546,,
,0,1547,1547,,
,2,1548,1548,,
,2,1549,1549,,
,1,1550,1550,,
,0,1551,1551,,
,2,1552,1552,,
,0,1553,1553,,
,2,1554,1554,,
,0,1555,1555,,
,2,1556,1556,,
,1,1557,1557,,
,4,1558,1558,,
,1,1559,1559,,
,1,1560,1560,,
,1,1561,1561,,
,3,1562,1562,,
,4,1563,1563,,
,2,1564,1564,,
,2,1565,1565,,
,0,1566,1566,,
,2,1567,1567,,
,2,1568,1568,,
,2,1569,1569,,
,2,1570,1570,,
,2,1571,1571,,
,2,1572,1572,,
,1,1573,1573,,
,2,1574,1574,,
,2,1575,1575,,
,2,1576,1576,,
,2,1577,1577,,
,2,1578,1578,,
,0,1579,1579,,
,2,1580,1580,,
,4,1581,1581,,
,1,1582,1582,,
,1,1583,1583,,
,0,1584,1584,,
,1,1585,1585,,
,1,1586,1586,,
,0,1587,1587,,
,1,1588,1588,,
,4,1589,1589,,
,1,1590,1590,,
,1,1591,1591,,
,2,1592,1592,,
,2,1593,1593,,
,0,1594,1594,,
,1,1595,1595,,
,0,1596,1596,,
,1,1597,1597,,
,0,1598,1598,,
,2,1599,1599,,
,2,1600,1600,,
,0,1601,1601,,
,3,1602,1602,,
,1,1603,1603,,
,1,1604,1604,,
,2,1605,1605,,
,6,1606,1606,,
,1,1607,1607,,
,2,1608,1608,,
,2,1609,1609,,
,2,1610,1610,,
,1,1611,1611,,
,0,1612,1612,,
,2,1613,1613,,
,0,1614,1614,,
,0,1615,1615,,
,0,1616,1616,,
,0,1617,1617,,
,3,1618,1618,,
,2,1619,1619,,
,1,1620,1620,,
,3,1621,1621,,
,2,1622,1622,,
,2,1623,1623,,
,2,1624,1624,,
,4,1625,1625,,
,1,1626,1626,,
,3,1627,1627,,
,3,1628,1628,,
,1,1629,1629,,
,2,1630,1630,,
,2,1631,1631,,
,1,1632,1632,,
,2,1633,1633,,
,2,1634,1634,,
,0,1635,1635,,
,3,1636,1636,,
,1,1637,1637,,
,2,1638,1638,,
,2,1639,1639,,
,1,1640,1640,,
,1,1641,1641,,
,1,1642,1642,,
,2,1643,1643,,
,0,1644,1644,,
,1,1645,1645,,
,3,1646,1646,,
,2,1647,1647,,
,1,1648,1648,,
,2,1649,1649,,
,1,1650,1650,,
,3,1651,1651,,
,1,1652,1652,,
,3,1653,1653,,
,4,1654,1654,,
,0,1655,1655,,
,1,1656,1656,,
,3,1657,1657,,
,1,1658,1658,,
,4,1659,1659,,
,1,1660,1660,,
,3,1661,1661,,
,2,1662,1662,,
,2,1663,1663,,
,1,1664,1664,,
,1,1665,1665,,
,1,1666,1666,,
,1,1667,1667,,
,1,1668,1668,,
,2,1669,1669,,
,1,1670,1670,,
,0,1671,1671,,
,1,1672,1672,,
,4,1673,1673,,
,1,1674,1674,,
,0,1675,1675,,
,0,1676,1676,,
,1,1677,1677,,
,1,1678,1678,,
,4,1679,1679,,
,1,1680,1680,,
,2,1681,1681,,
,0,1682,1682,,
,1,1683,1683,,
,1,1684,1684,,
,2,1685,1685,,
,1,1686,1686,,
,2,1687,1687,,
,1,1688,1688,,
,2,1689,1689,,
,2,1690,1690,,
,1,1691,1691,,
,2,1692,1692,,
,0,1693,1693,,
,0,1694,1694,,
,3,1695,1695,,
,1,1696,1696,,
,3,1697,1697,,
,3,1698,1698,,
,1,1699,1699,,
,0,1700,1700,,
,2,1701,1701,,
,1,1702,1702,,
,0,1703,1703,,
,1,1704,1704,,
,0,1705,1705,,
,2,1706,1706,,
,1,1707,1707,,
,0,1708,1708,,
,2,1709,1709,,
,3,1710,1710,,
,0,1711,1711,,
,1,1712,1712,,
,1,1713,1713,,
,2,1714,1714,,
,2,1715,1715,,
,2,1716,1716,,
,1,1717,1717,,
,1,1718,1718,,
,2,1719,1719,,
,3,1720,1720,,
,3,1721,1721,,
,0,1722,1722,,
,2,1723,1723,,
,0,1724,1724,,
,1,1725,1725,,
,3,1726,1726,,
,2,1727,1727,,
,3,1728,1728,,
,0,1729,1729,,
,1,1730,1730,,
,0,1731,1731,,
,0,1732,1732,,
,1,1733,1733,,
,1,1734,1734,,
,1,1735,1735,,
,1,1736,1736,,
,1,1737,1737,,
,1,1738,1738,,
,2,1739,1739,,
,3,1740,1740,,
,0,1741,1741,,
,1,1742,1742,,
,2,1743,1743,,
,0,1744,1744,,
,2,1745,1745,,
,0,1746,1746,,
,2,1747,1747,,
,1,1748,1748,,
,0,1749,1749,,
,1,1750,1750,,
,0,1751,1751,,
,3,1752,1752,,
,0,1753,1753,,
,0,1754,1754,,
,0,1755,1755,,
,0,1756,1756,,
,2,1757,1757,,
,2,1758,1758,,
,0,1759,1759,,
,1,1760,1760,,
,1,1761,1761,,
,5,1762,1762,,
,0,1763,1763,,
,0,1764,1764,,
,2,1765,1765,,
,0,1766,1766,,
,2,1767,1767,,
,0,1768,1768,,
,0,1769,1769,,
,0,1770,1770,,
,2,1771,1771,,
,1,1772,1772,,
,2,1773,1773,,
,1,1774,1774,,
,2,1775,1775,,
,2,1776,1776,,
,2,1777,1777,,
,1,1778,1778,,
,2,1779,1779,,
,1,1780,1780,,
,1,1781,1781,,
,1,1782,1782,,
,0,1783,1783,,
,0,1784,1784,,
,1,1785,1785,,
,0,1786,1786,,
,0,1787,1787,,
,1,1788,1788,,
,1,1789,1789,,
,0,1790,1790,,
,0,1791,1791,,
,2,1792,1792,,
,1,1793,1793,,
,0,1794,1794,,
,1,1795,1795,,
,2,1796,1796,,
,2,1797,1797,,
,3,1798,1798,,
,2,1799,1799,,
,1,1800,1800,,
,2,1801,1801,,
,0,1802,1802,,
,2,1803,1803,,
,1,1804,1804,,
,1,1805,1805,,
,1,1806,1806,,
,1,1807,1807,,
,2,1808,1808,,
,1,1809,1809,,
,2,1810,1810,,
,3,1811,1811,,
,0,1812,1812,,
,0,1813,1813,,
,0,1814,1814,,
,0,1815,1815,,
,1,1816,1816,,
,1,1817,1817,,
,2,1818,1818,,
,1,1819,1819,,
,0,1820,1820,,
,1,1821,1821,,
,2,1822,1822,,
,3,1823,1823,,
,1,1824,1824,,
,1,1825,1825,,
,1,1826,1826,,
,2,1827,1827,,
,1,1828,1828,,
,0,1829,1829,,
,0,1830,1830,,
,1,1831,1831,,
,2,1832,1832,,
,2,1833,1833,,
,1,1834,1834,,
,1,1835,1835,,
,0,1836,1836,,
,0,1837,1837,,
,0,1838,1838,,
,1,1839,1839,,
,2,1840,1840,,
,1,1841,1841,,
,2,1842,1842,,
,2,1843,1843,,
,1,1844,1844,,
,1,1845,1845,,
,0,1846,1846,,
,3,1847,1847,,
,3,1848,1848,,
,1,1849,1849,,
,2,1850,1850,,
,0,1851,1851,,
,3,1852,1852,,
,3,1853,1853,,
,1,1854,1854,,
,1,1855,1855,,
,2,1856,1856,,
,2,1857,1857,,
,0,1858,1858,,
,4,1859,1859,,
,4,1860,1860,,
,1,1861,1861,,
,1,1862,1862,,
,1,1863,1863,,
,1,1864,1864,,
,0,1865,1865,,
,0,1866,1866,,
,1,1867,1867,,
,1,1868,1868,,
,1,1869,1869,,
,2,1870,1870,,
,3,1871,1871,,
,2,1872,1872,,
,1,1873,1873,,
,1,1874,1874,,
,2,1875,1875,,
,1,1876,1876,,
,3,1877,1877,,
,1,1878,1878,,
,1,1879,1879,,
,1,1880,1880,,
,0,1881,1881,,
,3,1882,1882,,
,1,1883,1883,,
,2,1884,1884,,
,2,1885,1885,,
,2,1886,1886,,
,0,1887,1887,,
,1,1888,1888,,
,0,1889,1889,,
,0,1890,1890,,
,1,1891,1891,,
,0,1892,1892,,
,1,1893,1893,,
,0,1894,1894,,
,1,1895,1895,,
,2,1896,1896,,
,1,1897,1897,,
,0,1898,1898,,
,2,1899,1899,,
,1,1900,1900,,
,1,1901,1901,,
,0,1902,1902,,
,1,1903,1903,,
,0,1904,1904,,
,1,1905,1905,,
,2,1906,1906,,
,0,1907,1907,,
,0,1908,1908,,
,1,1909,1909,,
,0,1910,1910,,
,0,1911,1911,,
,1,1912,1912,,
,0,1913,1913,,
,1,1914,1914,,
,2,1915,1915,,
,0,1916,1916,,
,3,1917,1917,,
,1,1918,1918,,
,1,1919,1919,,
,0,1920,1920,,
,2,1921,1921,,
,1,1922,1922,,
,0,1923,1923,,
,4,1924,1924,,
,1,1925,1925,,
,0,1926,1926,,
,2,1927,1927,,
,0,1928,1928,,
,0,1929,1929,,
,2,1930,1930,,
,1,1931,1931,,
,4,1932,1932,,
,0,1933,1933,,
,1,1934,1934,,
,0,1935,1935,,
,4,1936,1936,,
,4,1937,1937,,
,1,1938,1938,,
,0,1939,1939,,
,0,1940,1940,,
,1,1941,1941,,
,0,1942,1942,,
,0,1943,1943,,
,3,1944,1944,,
,0,1945,1945,,
,1,1946,1946,,
,1,1947,1947,,
,2,1948,1948,,
,3,1949,1949,,
,2,1950,1950,,
,1,1951,1951,,
,1,1952,1952,,
,1,1953,1953,,
,0,1954,1954,,
,0,1955,1955,,
,1,1956,1956,,
,2,1957,1957,,
,1,1958,1958,,
,0,1959,1959,,
,1,1960,1960,,
,1,1961,1961,,
,1,1962,1962,,
,1,1963,1963,,
,2,1964,1964,,
,0,1965,1965,,
,4,1966,1966,,
,0,1967,1967,,
,1,1968,1968,,
,1,1969,1969,,
,0,1970,1970,,
,0,1971,1971,,
,1,1972,1972,,
,1,1973,1973,,
,1,1974,1974,,
,0,1975,1975,,
,1,1976,1976,,
,1,1977,1977,,
,0,1978,1978,,
,0,1979,1979,,
,4,1980,1980,,
,1,1981,1981,,
,0,1982,1982,,
,0,1983,1983,,
,1,1984,1984,,
,2,1985,1985,,
,5,1986,1986,,
,2,1987,1987,,
,1,1988,1988,,
,0,1989,1989,,
,1,1990,1990,,
,1,1991,1991,,
,1,1992,1992,,
,1,1993,1993,,
,0,1994,1994,,
,1,1995,1995,,
,3,1996,1996,,
,1,1997,1997,,
,1,1998,1998,,
,0,1999,1999,,
,0,2000,2000,,
,1,2001,2001,,
,0,2002,2002,,
,0,2003,2003,,
,1,2004,2004,,
,2,2005,2005,,
,5,2006,2006,,
,1,2007,2007,,
,0,2008,2008,,
,2,2009,2009,,
,1,2010,2010,,
,1,2011,2011,,
,2,2012,2012,,
,3,2013,2013,,
,3,2014,2014,,
,0,2015,2015,,
,0,2016,2016,,
,2,2017,2017,,
,1,2018,2018,,
,0,2019,2019,,
,2,2020,2020,,
,2,2021,2021,,
,0,2022,2022,,
,5,2023,2023,,
,1,2024,2024,,
,1,2025,2025,,
,0,2026,2026,,
,2,2027,2027,,
,1,2028,2028,,
,2,2029,2029,,
,2,2030,2030,,
,1,2031,2031,,
,0,2032,2032,,
,2,2033,2033,,
,2,2034,2034,,
,1,2035,2035,,
,1,2036,2036,,
,1,2037,2037,,
,0,2038,2038,,
,0,2039,2039,,
,3,2040,2040,,
,0,2041,2041,,
,1,2042,2042,,
,2,2043,2043,,
,1,2044,2044,,
,3,2045,2045,,
,1,2046,2046,,
,139,2047,2047,,
