event no, total energy (keV), E frequency, momentum component (keV), x frequency, y frequency, z frequency, particles per run, runs per simulation, restricted momentum direction
5750428,0.3233905180840665,1,0.48450641513135745,8,1,1,1,200000000,0.5
5750428,0.9701715542521995,1,1.4535192453940724,9,5,1,,,
6673504,1.6169525904203326,1,2.4225320756567874,10,7,1,,,
6673504,2.2637336265884653,2,3.391544905919502,9,6,0,,,
8754621,2.9105146627565985,0,4.360557736182217,13,8,3,,,
8754621,3.5572956989247313,2,5.329570566444932,6,2,2,,,
8754621,4.2040767350928645,2,6.298583396707647,6,2,1,,,
11552889,4.850857771260998,2,7.267596226970362,10,5,2,,,
11552889,5.49763880742913,0,8.236609057233077,12,5,3,,,
12152030,6.144419843597264,1,9.205621887495791,8,4,2,,,
12152030,6.791200879765396,4,10.174634717758508,4,4,1,,,
14271075,7.437981915933529,0,11.143647548021221,7,4,1,,,
14271075,8.084762952101663,1,12.112660378283937,7,3,0,,,
14271075,8.731543988269795,2,13.08167320854665,5,7,0,,,
16913380,9.378325024437927,0,14.050686038809367,9,4,1,,,
16913380,10.025106060606062,1,15.01969886907208,12,4,2,,,
16913380,10.671887096774194,3,15.988711699334797,5,2,3,,,
16913380,11.318668132942328,8,16.957724529597513,13,8,2,,,
20277831,11.96544916911046,0,17.926737359860226,6,6,1,,,
23643359,12.612230205278593,0,18.89575019012294,6,2,3,,,
23643359,13.259011241446727,1,19.864763020385656,7,2,2,,,
23643359,13.905792277614859,2,20.833775850648372,6,4,0,,,
23643359,14.552573313782993,1,21.802788680911085,5,4,1,,,
23643359,15.199354349951125,0,22.7718015111738,7,5,3,,,
25241944,15.846135386119258,1,23.740814341436515,7,5,3,,,
25241944,16.492916422287394,0,24.70982717169923,5,5,3,,,
25241944,17.139697458455522,2,25.678840001961944,3,6,2,,,
25241944,17.78647849462366,1,26.647852832224658,2,5,3,,,
25241944,18.433259530791787,0,27.616865662487374,3,4,0,,,
25241944,19.080040566959923,1,28.58587849275009,3,2,0,,,
26569281,19.72682160312806,0,29.554891323012804,4,3,6,,,
26569281,20.373602639296188,2,30.523904153275517,4,6,1,,,
29137126,21.020383675464323,0,31.492916983538237,7,5,2,,,
29137126,21.667164711632452,2,32.46192981380095,2,11,2,,,
29137126,22.313945747800588,0,33.43094264406366,8,7,0,,,
29295978,22.960726783968724,3,34.399955474326376,3,5,2,,,
29295978,23.607507820136853,0,35.368968304589096,5,5,2,,,
29295978,24.25428885630499,0,36.33798113485181,3,3,0,,,
29295978,24.901069892473117,8,37.30699396511452,5,8,0,,,
30736794,25.547850928641253,1,38.27600679537724,10,5,3,,,
30736794,26.19463196480939,0,39.245019625639955,7,2,1,,,
30736794,26.841413000977518,2,40.21403245590267,3,1,1,,,
35255368,27.488194037145654,0,41.18304528616538,3,6,2,,,
35255368,28.134975073313782,2,42.152058116428094,3,4,2,,,
40189796,28.78175610948192,1,43.121070946690814,3,1,4,,,
40189796,29.42853714565005,0,44.09008377695353,7,6,3,,,
40189796,30.075318181818183,1,45.05909660721624,4,5,1,,,
40189796,30.72209921798632,1,46.02810943747896,2,3,1,,,
41191883,31.368880254154448,2,46.99712226774167,3,2,1,,,
41191883,32.01566129032258,1,47.966135098004386,5,1,1,,,
41191883,32.66244232649072,4,48.9351479282671,2,6,0,,,
41191883,33.30922336265885,4,49.90416075852982,3,6,3,,,
41191883,33.95600439882698,2,50.87317358879253,6,5,1,,,
41191883,34.60278543499511,1,51.842186419055245,1,8,2,,,
41191883,35.24956647116325,0,52.811199249317966,2,5,1,,,
41191883,35.896347507331384,3,53.78021207958068,6,5,5,,,
42433764,36.54312854349951,1,54.74922490984339,4,3,1,,,
42433764,37.18990957966764,2,55.718237740106105,1,6,2,,,
42433764,37.83669061583578,1,56.68725057036882,0,2,4,,,
42433764,38.483471652003914,1,57.65626340063154,1,7,2,,,
42433764,39.13025268817205,2,58.62527623089425,1,4,1,,,
42433764,39.77703372434018,1,59.594289061156964,2,2,3,,,
47273076,40.42381476050831,2,60.563301891419684,1,4,1,,,
47273076,41.07059579667644,0,61.5323147216824,3,3,1,,,
47273076,41.71737683284458,0,62.50132755194511,5,1,1,,,
47273076,42.364157869012715,2,63.47034038220782,0,5,4,,,
47273076,43.01093890518084,1,64.43935321247054,8,3,4,,,
52082736,43.65771994134897,1,65.40836604273326,0,3,1,,,
52082736,44.30450097751711,4,66.37737887299596,2,6,0,,,
53928516,44.951282013685244,2,67.34639170325869,4,5,1,,,
53928516,45.59806304985338,0,68.31540453352139,1,6,0,,,
53928516,46.24484408602151,2,69.28441736378412,0,3,3,,,
63743821,46.89162512218964,3,70.25343019404684,4,5,2,,,
63743821,47.53840615835777,0,71.22244302430954,4,3,3,,,
63743821,48.18518719452591,1,72.19145585457227,3,7,3,,,
65943353,48.831968230694045,2,73.16046868483497,3,3,3,,,
65943353,49.478749266862174,2,74.1294815150977,7,7,6,,,
65943353,50.1255303030303,1,75.0984943453604,2,3,1,,,
66822159,50.77231133919844,2,76.06750717562312,0,3,2,,,
66822159,51.419092375366574,3,77.03652000588583,3,7,0,,,
66822159,52.06587341153471,0,78.00553283614855,3,4,3,,,
66822159,52.71265444770284,2,78.97454566641127,4,3,3,,,
66822159,53.35943548387097,2,79.94355849667397,1,1,2,,,
66822159,54.006216520039104,0,80.9125713269367,5,1,1,,,
66822159,54.65299755620724,3,81.8815841571994,4,1,4,,,
66822159,55.29977859237537,1,82.85059698746213,2,0,2,,,
66822159,55.946559628543504,1,83.81960981772484,8,8,2,,,
66822159,56.59334066471163,1,84.78862264798755,5,3,0,,,
67902941,57.24012170087977,1,85.75763547825028,1,4,2,,,
67902941,57.886902737047905,2,86.72664830851298,1,3,1,,,
72114070,58.53368377321603,3,87.6956611387757,0,3,1,,,
72114070,59.18046480938417,0,88.6646739690384,1,2,3,,,
72114070,59.8272458455523,2,89.63368679930113,2,3,0,,,
74474854,60.474026881720434,1,90.60269962956383,1,7,2,,,
75764999,61.12080791788857,0,91.57171245982656,0,0,3,,,
75764999,61.7675889540567,1,92.54072529008928,2,2,0,,,
75764999,62.414369990224834,0,93.50973812035198,2,3,2,,,
77362701,63.06115102639296,2,94.47875095061471,2,1,1,,,
77362701,63.7079320625611,1,95.44776378087741,1,4,1,,,
77362701,64.35471309872923,1,96.41677661114014,1,1,1,,,
77362701,65.00149413489737,3,97.38578944140284,1,3,4,,,
77362701,65.64827517106549,5,98.35480227166556,0,6,0,,,
77844465,66.29505620723363,2,99.32381510192829,4,3,0,,,
78041143,66.94183724340176,2,100.29282793219099,2,1,4,,,
78041143,67.5886182795699,0,101.26184076245372,5,0,2,,,
82333988,68.23539931573802,0,102.23085359271641,0,3,2,,,
87211322,68.88218035190616,0,103.19986642297914,0,0,2,,,
87211322,69.5289613880743,2,104.16887925324184,3,1,0,,,
87211322,70.17574242424243,0,105.13789208350457,4,2,4,,,
87294553,70.82252346041057,5,106.10690491376728,4,3,1,,,
87294553,71.4693044965787,4,107.07591774403,1,4,1,,,
87294553,72.11608553274682,1,108.04493057429272,2,2,2,,,
87294553,72.76286656891496,2,109.01394340455542,2,4,1,,,
88212493,73.4096476050831,2,109.98295623481815,3,4,3,,,
88731931,74.05642864125123,2,110.95196906508085,1,1,1,,,
88731931,74.70320967741935,0,111.92098189534357,2,2,0,,,
88731931,75.34999071358749,0,112.88999472560629,1,3,3,,,
88731931,75.99677174975562,0,113.859007555869,6,3,4,,,
92342194,76.64355278592376,3,114.82802038613173,2,2,2,,,
96032992,77.2903338220919,2,115.79703321639442,5,8,3,,,
96032992,77.93711485826003,1,116.76604604665715,2,5,0,,,
96032992,78.58389589442815,2,117.73505887691985,1,0,1,,,
96032992,79.23067693059629,2,118.70407170718258,1,5,3,,,
96032992,79.87745796676442,1,119.67308453744528,2,5,2,,,
98468325,80.52423900293256,1,120.642097367708,2,0,1,,,
98468325,81.17102003910068,3,121.61111019797073,1,1,3,,,
98468325,81.81780107526882,2,122.58012302823343,1,3,1,,,
98468325,82.46458211143695,2,123.54913585849616,3,1,1,,,
98468325,83.11136314760509,2,124.51814868875886,2,3,3,,,
98509797,83.75814418377323,3,125.48716151902158,3,6,0,,,
98509797,84.40492521994136,1,126.45617434928428,2,2,0,,,
98509797,85.05170625610948,2,127.42518717954701,2,4,2,,,
104470360,85.69848729227762,0,128.3942000098097,3,4,1,,,
104470360,86.34526832844575,1,129.36321284007244,4,5,2,,,
104470360,86.99204936461389,3,130.33222567033516,1,2,3,,,
105874926,87.63883040078201,2,131.30123850059786,2,3,3,,,
105874926,88.28561143695015,2,132.2702513308606,1,0,1,,,
105874926,88.93239247311828,1,133.2392641611233,4,2,5,,,
105874926,89.57917350928642,4,134.20827699138601,1,3,2,,,
105874926,90.22595454545456,2,135.17728982164874,2,3,3,,,
105874926,90.87273558162269,2,136.14630265191144,2,2,2,,,
105874926,91.51951661779081,2,137.11531548217414,0,2,2,,,
105874926,92.16629765395895,1,138.08432831243687,0,3,3,,,
108392795,92.81307869012709,1,139.0533411426996,3,2,0,,,
108392795,93.45985972629522,5,140.02235397296232,3,5,3,,,
108392795,94.10664076246334,2,140.99136680322502,4,3,1,,,
108392795,94.75342179863148,0,141.96037963348772,0,1,1,,,
108392795,95.40020283479961,1,142.92939246375045,3,1,0,,,
108392795,96.04698387096775,2,143.89840529401317,1,1,1,,,
108392795,96.69376490713589,1,144.86741812427587,1,4,3,,,
108392795,97.34054594330402,1,145.8364309545386,3,1,3,,,
108392795,97.98732697947214,1,146.8054437848013,0,1,0,,,
112230993,98.63410801564028,2,147.77445661506403,1,1,2,,,
112230993,99.28088905180842,4,148.74346944532675,1,3,0,,,
119841564,99.92767008797655,0,149.71248227558945,1,2,4,,,
119841564,100.57445112414467,3,150.68149510585215,2,1,2,,,
122235329,101.22123216031281,1,151.65050793611488,4,3,1,,,
122235329,101.86801319648094,0,152.6195207663776,3,0,1,,,
131583652,102.51479423264908,0,153.5885335966403,0,1,1,,,
133509248,103.16157526881722,2,154.55754642690303,5,3,2,,,
133509248,103.80835630498535,4,155.52655925716573,2,1,0,,,
147168106,104.45513734115347,4,156.49557208742846,2,2,1,,,
147168106,105.10191837732161,1,157.46458491769118,2,3,2,,,
147168106,105.74869941348975,4,158.43359774795388,1,1,1,,,
147168106,106.39548044965787,2,159.40261057821658,1,3,1,,,
154050430,107.042261485826,1,160.3716234084793,1,1,2,,,
154050430,107.68904252199414,2,161.34063623874204,1,0,2,,,
154050430,108.33582355816228,1,162.30964906900476,1,1,3,,,
154050430,108.98260459433041,3,163.27866189926746,2,2,4,,,
154050430,109.62938563049855,5,164.24767472953016,2,3,0,,,
154050430,110.27616666666667,0,165.2166875597929,1,1,1,,,
154690109,110.9229477028348,0,166.18570039005562,4,0,4,,,
154690109,111.56972873900294,3,167.1547132203183,0,2,2,,,
154690109,112.21650977517108,1,168.12372605058104,3,0,1,,,
154690109,112.8632908113392,3,169.09273888084374,1,5,1,,,
154690109,113.51007184750733,2,170.06175171110647,2,4,2,,,
154690109,114.15685288367547,2,171.0307645413692,0,1,1,,,
154690109,114.8036339198436,2,171.9997773716319,3,2,1,,,
154690109,115.45041495601174,1,172.9687902018946,3,0,5,,,
154690109,116.09719599217988,2,173.93780303215732,4,3,2,,,
154690109,116.743977028348,4,174.90681586242005,3,2,1,,,
154933906,117.39075806451613,4,175.87582869268277,0,0,0,,,
157292367,118.03753910068427,5,176.84484152294547,0,3,2,,,
157292367,118.6843201368524,4,177.81385435320817,3,2,3,,,
157292367,119.33110117302053,1,178.7828671834709,5,2,1,,,
157292367,119.97788220918866,1,179.75188001373363,0,1,2,,,
165554675,120.6246632453568,6,180.72089284399632,1,0,0,,,
165554675,121.27144428152494,2,181.68990567425902,1,1,2,,,
165554675,121.91822531769307,2,182.65891850452175,3,1,0,,,
166792146,122.56500635386121,2,183.62793133478448,3,2,1,,,
171400478,123.21178739002933,1,184.5969441650472,1,1,3,,,
173884914,123.85856842619746,2,185.5659569953099,1,0,2,,,
173884914,124.5053494623656,2,186.5349698255726,3,2,3,,,
173884914,125.15213049853374,1,187.50398265583533,2,1,2,,,
173884914,125.79891153470186,0,188.47299548609806,4,0,1,,,
173884914,126.44569257087,2,189.44200831636076,3,2,6,,,
173884914,127.09247360703813,2,190.41102114662348,3,0,2,,,
182365198,127.73925464320627,3,191.38003397688618,4,1,2,,,
182365198,128.3860356793744,3,192.3490468071489,1,1,0,,,
182365198,129.03281671554254,1,193.31805963741164,0,2,1,,,
182365198,129.67959775171067,2,194.28707246767434,2,5,1,,,
184571742,130.3263787878788,3,195.25608529793703,5,0,1,,,
184571742,130.97315982404692,2,196.22509812819976,4,1,1,,,
184571742,131.61994086021505,4,197.1941109584625,1,0,1,,,
184571742,132.2667218963832,2,198.16312378872522,3,3,2,,,
184571742,132.91350293255132,2,199.13213661898791,4,0,5,,,
184571742,133.56028396871946,1,200.1011494492506,1,1,0,,,
184571742,134.2070650048876,1,201.07016227951334,1,1,6,,,
184571742,134.85384604105573,3,202.03917510977607,3,2,6,,,
184731357,135.50062707722387,2,203.00818794003877,1,2,2,,,
184731357,136.147408113392,2,203.9772007703015,1,1,2,,,
184731357,136.7941891495601,3,204.9462136005642,1,1,0,,,
187540072,137.44097018572825,3,205.91522643082692,1,4,3,,,
187540072,138.08775122189638,4,206.88423926108965,1,1,2,,,
187540072,138.73453225806452,0,207.85325209135235,4,0,3,,,
187540072,139.38131329423265,3,208.82226492161504,1,0,3,,,
188546413,140.0280943304008,2,209.79127775187777,2,1,1,,,
188546413,140.67487536656893,4,210.7602905821405,1,3,1,,,
188546413,141.32165640273706,1,211.7293034124032,1,2,1,,,
188546413,141.9684374389052,0,212.69831624266592,5,3,3,,,
192027987,142.61521847507333,3,213.66732907292862,3,0,4,,,
192027987,143.26199951124147,2,214.63634190319135,0,1,2,,,
192027987,143.90878054740958,2,215.60535473345408,1,4,1,,,
192311317,144.5555615835777,4,216.57436756371678,1,2,2,,,
192311317,145.20234261974585,0,217.54338039397948,0,2,1,,,
192311317,145.84912365591398,1,218.5123932242422,1,1,0,,,
192311317,146.49590469208212,4,219.48140605450493,0,1,3,,,
195708848,147.14268572825026,2,220.45041888476766,2,1,0,,,
196793701,147.7894667644184,1,221.41943171503036,3,1,2,,,
196793701,148.43624780058653,2,222.38844454529305,0,1,1,,,
1924594,149.08302883675466,3,223.35745737555578,2,2,3,,,
1924594,149.72980987292277,1,224.3264702058185,2,2,2,,,
1924594,150.3765909090909,3,225.2954830360812,2,2,1,,,
1924594,151.02337194525904,1,226.26449586634394,2,1,4,,,
1924594,151.67015298142718,6,227.23350869660663,2,1,2,,,
1924594,152.31693401759532,1,228.20252152686936,1,1,0,,,
1924594,152.96371505376345,1,229.1715343571321,1,2,2,,,
1924594,153.6104960899316,4,230.1405471873948,2,2,4,,,
6360824,154.25727712609972,3,231.1095600176575,1,1,1,,,
6360824,154.90405816226786,4,232.0785728479202,2,2,0,,,
6360824,155.550839198436,0,233.04758567818294,2,1,0,,,
6360824,156.19762023460413,0,234.01659850844567,1,0,2,,,
6360824,156.84440127077224,4,234.98561133870837,2,0,1,,,
6360824,157.49118230694037,4,235.95462416897107,2,2,1,,,
6360824,158.1379633431085,2,236.9236369992338,2,3,1,,,
6360824,158.78474437927665,4,237.89264982949652,1,2,2,,,
9321615,159.43152541544478,3,238.86166265975922,1,0,0,,,
10448439,160.07830645161292,1,239.83067549002192,1,0,2,,,
10448439,160.72508748778105,2,240.79968832028464,2,1,3,,,
10448439,161.3718685239492,2,241.76870115054737,2,2,0,,,
12523117,162.01864956011732,3,242.7377139808101,1,0,1,,,
12523117,162.66543059628543,0,243.7067268110728,1,1,2,,,
12523117,163.31221163245357,3,244.6757396413355,3,2,1,,,
12523117,163.9589926686217,1,245.64475247159822,1,1,5,,,
12523117,164.60577370478984,3,246.61376530186095,2,2,1,,,
12523117,165.25255474095798,2,247.58277813212365,2,1,0,,,
12523117,165.8993357771261,3,248.55179096238638,2,4,0,,,
15642242,166.54611681329425,0,249.52080379264908,0,1,1,,,
16718423,167.19289784946238,7,250.4898166229118,0,0,0,,,
17874656,167.83967888563052,5,251.45882945317453,3,1,4,,,
17874656,168.48645992179866,3,252.42784228343723,2,5,2,,,
17874656,169.13324095796676,0,253.39685511369993,0,2,1,,,
17874656,169.7800219941349,2,254.36586794396266,1,2,0,,,
18073882,170.42680303030303,5,255.33488077422538,4,2,2,,,
18073882,171.07358406647117,2,256.3038936044881,3,1,2,,,
18073882,171.7203651026393,0,257.2729064347508,1,2,2,,,
22915505,172.36714613880744,6,258.2419192650135,2,1,5,,,
22915505,173.01392717497558,3,259.21093209527623,1,1,0,,,
22915505,173.6607082111437,5,260.17994492553896,0,3,3,,,
25678918,174.30748924731185,0,261.1489577558017,4,3,2,,,
27225050,174.95427028347996,3,262.11797058606436,0,0,3,,,
27225050,175.6010513196481,6,263.0869834163271,1,0,2,,,
27225050,176.24783235581623,2,264.0559962465898,0,1,0,,,
27225050,176.89461339198436,3,265.02500907685254,1,0,5,,,
27225050,177.5413944281525,2,265.9940219071152,1,2,1,,,
27225050,178.18817546432064,3,266.96303473737794,0,1,1,,,
28788516,178.83495650048877,2,267.93204756764067,2,3,2,,,
28788516,179.4817375366569,1,268.9010603979034,0,2,2,,,
28788516,180.12851857282504,2,269.8700732281661,0,0,0,,,
28788516,180.77529960899318,4,270.83908605842885,1,2,2,,,
28788516,181.42208064516132,2,271.8080988886915,2,2,0,,,
32153662,182.06886168132942,4,272.77711171895425,2,2,2,,,
32153662,182.71564271749756,1,273.746124549217,1,3,1,,,
32153662,183.3624237536657,2,274.71513737947964,0,1,2,,,
32153662,184.00920478983383,2,275.68415020974237,2,0,2,,,
32153662,184.65598582600197,4,276.6531630400051,1,0,3,,,
32153662,185.3027668621701,2,277.6221758702678,0,0,0,,,
34147389,185.94954789833824,1,278.59118870053055,0,2,1,,,
34147389,186.59632893450637,1,279.5602015307933,1,1,0,,,
34147389,187.2431099706745,0,280.52921436105595,2,0,0,,,
34147389,187.88989100684262,2,281.4982271913187,2,2,0,,,
34147389,188.53667204301075,2,282.4672400215814,0,0,1,,,
34147389,189.1834530791789,3,283.4362528518441,0,0,2,,,
36187289,189.83023411534703,4,284.4052656821068,2,0,1,,,
36187289,190.47701515151516,3,285.37427851236953,0,1,4,,,
36187289,191.1237961876833,1,286.34329134263226,2,1,3,,,
38149498,191.77057722385143,3,287.312304172895,2,1,0,,,
38149498,192.41735826001957,5,288.2813170031577,0,0,2,,,
38149498,193.0641392961877,0,289.2503298334204,0,2,1,,,
38149498,193.71092033235584,2,290.2193426636831,2,2,1,,,
38149498,194.35770136852398,5,291.18835549394583,0,1,1,,,
38149498,195.00448240469208,3,292.15736832420856,0,0,1,,,
42540943,195.65126344086022,3,293.12638115447123,0,1,1,,,
42540943,196.29804447702836,1,294.09539398473396,1,1,0,,,
46698829,196.9448255131965,0,295.0644068149967,0,0,1,,,
51215958,197.59160654936463,1,296.0334196452594,2,0,0,,,
51215958,198.23838758553276,6,297.00243247552214,0,1,1,,,
53740060,198.8851686217009,3,297.9714453057848,1,1,1,,,
53740060,199.53194965786903,2,298.94045813604754,0,0,4,,,
58970008,200.17873069403717,3,299.90947096631027,1,1,4,,,
64406189,200.82551173020528,2,300.878483796573,0,1,2,,,
64406189,201.4722927663734,2,301.84749662683566,0,0,0,,,
64406189,202.11907380254155,3,302.8165094570984,1,1,2,,,
71688929,202.76585483870969,2,303.7855222873611,4,1,0,,,
71688929,203.41263587487782,4,304.75453511762385,3,0,1,,,
71688929,204.05941691104596,2,305.7235479478866,0,0,3,,,
71688929,204.7061979472141,3,306.69256077814924,0,1,1,,,
73926564,205.35297898338223,5,307.66157360841197,1,2,1,,,
73926564,205.99976001955037,1,308.6305864386747,0,0,1,,,
73926564,206.6465410557185,1,309.5995992689374,2,0,2,,,
73926564,207.29332209188664,1,310.5686120992001,1,2,1,,,
81718397,207.94010312805474,1,311.5376249294628,2,1,2,,,
81718397,208.58688416422288,6,312.50663775972555,2,1,3,,,
81718397,209.23366520039102,3,313.4756505899883,1,1,1,,,
81718397,209.88044623655915,1,314.444663420251,1,1,2,,,
81718397,210.5272272727273,1,315.41367625051373,0,1,3,,,
81718397,211.17400830889542,0,316.3826890807764,0,0,0,,,
81718397,211.82078934506356,2,317.35170191103913,2,0,0,,,
81718397,212.4675703812317,2,318.32071474130186,0,0,1,,,
81718397,213.1143514173998,3,319.2897275715645,1,0,2,,,
81718397,213.76113245356794,0,320.25874040182725,0,1,2,,,
81718397,214.40791348973607,3,321.22775323209,0,1,0,,,
90596806,215.0546945259042,2,322.1967660623527,0,1,2,,,
90596806,215.70147556207235,1,323.16577889261544,1,0,1,,,
90596806,216.34825659824048,1,324.13479172287816,1,0,1,,,
91315115,216.99503763440862,2,325.10380455314083,1,1,3,,,
91315115,217.64181867057675,3,326.07281738340356,1,0,2,,,
91315115,218.2885997067449,5,327.0418302136663,2,1,1,,,
91315115,218.93538074291303,3,328.010843043929,0,0,5,,,
91315115,219.58216177908116,1,328.9798558741917,0,1,5,,,
91437264,220.22894281524927,1,329.9488687044544,0,0,4,,,
92236822,220.8757238514174,1,330.91788153471714,0,0,1,,,
92236822,221.52250488758554,0,331.88689436497987,0,0,2,,,
92236822,222.16928592375368,0,332.8559071952426,0,0,1,,,
95669778,222.8160669599218,2,333.82492002550526,1,1,2,,,
100062887,223.46284799608995,2,334.793932855768,0,0,2,,,
100062887,224.10962903225808,2,335.7629456860307,1,1,2,,,
101101791,224.75641006842622,3,336.73195851629345,0,0,2,,,
101101791,225.40319110459436,3,337.7009713465561,2,0,1,,,
101101791,226.04997214076246,1,338.66998417681884,0,0,3,,,
102464582,226.6967531769306,1,339.63899700708157,1,1,1,,,
102464582,227.34353421309874,1,340.6080098373443,1,0,1,,,
102464582,227.99031524926687,0,341.577022667607,1,0,4,,,
102464582,228.637096285435,0,342.5460354978697,0,0,2,,,
102464582,229.28387732160314,2,343.5150483281324,0,0,3,,,
102464582,229.93065835777128,2,344.48406115839515,0,0,1,,,
102464582,230.57743939393941,5,345.4530739886579,0,1,1,,,
102464582,231.22422043010755,3,346.42208681892055,0,0,0,,,
102464582,231.8710014662757,5,347.3910996491833,0,0,2,,,
102500322,232.51778250244382,1,348.360112479446,0,0,5,,,
106778539,233.16456353861193,2,349.32912530970873,0,0,2,,,
106778539,233.81134457478007,2,350.29813813997146,1,0,3,,,
109022334,234.4581256109482,0,351.2671509702342,0,0,2,,,
109022334,235.10490664711634,3,352.23616380049685,0,0,2,,,
109022334,235.75168768328447,1,353.2051766307596,1,0,1,,,
114173226,236.3984687194526,3,354.1741894610223,0,0,4,,,
114173226,237.04524975562074,0,355.143202291285,1,0,2,,,
114173226,237.69203079178888,1,356.1122151215477,0,0,4,,,
114173226,238.33881182795702,3,357.08122795181043,1,0,0,,,
116614352,238.98559286412512,0,358.05024078207316,0,0,1,,,
116614352,239.63237390029326,1,359.0192536123359,0,0,1,,,
116614352,240.2791549364614,2,359.9882664425986,0,1,1,,,
116614352,240.92593597262953,0,360.9572792728613,2,0,0,,,
117971304,241.57271700879767,2,361.926292103124,0,0,1,,,
117971304,242.2194980449658,5,362.89530493338674,0,1,5,,,
117971304,242.86627908113394,3,363.8643177636494,1,0,2,,,
117971304,243.51306011730208,2,364.83333059391214,0,0,1,,,
117971304,244.1598411534702,2,365.80234342417486,1,0,1,,,
122132691,244.80662218963835,0,366.7713562544376,1,0,3,,,
122132691,245.45340322580648,2,367.7403690847003,0,0,0,,,
122132691,246.1001842619746,2,368.70938191496305,1,0,2,,,
122132691,246.74696529814273,1,369.6783947452257,0,0,3,,,
122132691,247.39374633431086,2,370.64740757548844,0,0,0,,,
122132691,248.040527370479,3,371.61642040575117,0,1,2,,,
128206340,248.68730840664713,1,372.5854332360139,0,0,1,,,
128206340,249.33408944281527,1,373.55444606627657,0,1,1,,,
132605947,249.9808704789834,2,374.5234588965393,0,0,1,,,
132605947,250.62765151515154,6,375.492471726802,0,0,1,,,
133883286,251.27443255131965,3,376.46148455706475,0,0,0,,,
133883286,251.92121358748778,1,377.4304973873275,0,1,3,,,
133883286,252.56799462365592,3,378.39951021759015,0,1,3,,,
133883286,253.21477565982406,0,379.3685230478529,0,0,1,,,
133883286,253.8615566959922,2,380.3375358781156,0,0,6,,,
133883286,254.50833773216033,3,381.30654870837833,0,1,0,,,
141960235,255.15511876832846,1,382.275561538641,0,0,1,,,
147284484,255.8018998044966,4,383.2445743689037,1,1,4,,,
147284484,256.44868084066474,1,384.21358719916645,0,0,2,,,
149241978,257.09546187683287,1,385.1826000294292,0,1,0,,,
152236119,257.742242913001,2,386.1516128596919,1,0,3,,,
157318204,258.38902394916914,1,387.1206256899546,2,1,3,,,
162678700,259.0358049853373,1,388.0896385202173,1,0,1,,,
162678700,259.6825860215054,1,389.05865135048003,0,0,2,,,
162678700,260.32936705767355,0,390.02766418074276,1,0,1,,,
162958520,260.97614809384163,2,390.99667701100543,0,1,2,,,
162958520,261.62292913000977,3,391.96568984126816,0,0,3,,,
162958520,262.2697101661779,1,392.9347026715309,0,0,0,,,
162958520,262.91649120234604,2,393.9037155017936,1,0,2,,,
164076039,263.5632722385142,1,394.87272833205634,0,0,1,,,
164076039,264.2100532746823,0,395.84174116231907,2,0,3,,,
166641764,264.85683431085045,4,396.81075399258174,0,0,1,,,
166641764,265.5036153470186,2,397.77976682284446,0,0,1,,,
169159464,266.1503963831867,1,398.7487796531072,0,0,0,,,
171581585,266.79717741935485,1,399.71779248336986,1,0,4,,,
171581585,267.443958455523,0,400.6868053136326,0,0,1,,,
172143874,268.0907394916911,0,401.6558181438953,0,0,0,,,
172143874,268.73752052785926,3,402.62483097415804,0,0,1,,,
172143874,269.3843015640274,2,403.59384380442077,0,0,3,,,
172143874,270.03108260019553,4,404.5628566346835,1,0,1,,,
172143874,270.67786363636367,2,405.53186946494617,0,1,1,,,
172143874,271.3246446725318,1,406.5008822952089,1,0,0,,,
173023028,271.97142570869994,2,407.4698951254716,0,0,1,,,
173023028,272.6182067448681,2,408.43890795573435,0,0,1,,,
173023028,273.2649877810362,3,409.407920785997,0,0,1,,,
173023028,273.91176881720435,2,410.37693361625975,0,0,2,,,
173023028,274.5585498533724,5,411.3459464465225,0,0,2,,,
173023028,275.20533088954056,3,412.3149592767852,0,1,2,,,
175538196,275.8521119257087,2,413.28397210704793,0,0,0,,,
175538196,276.49889296187683,1,414.2529849373106,1,0,1,,,
175538196,277.14567399804497,5,415.2219977675733,0,0,3,,,
175538196,277.7924550342131,1,416.19101059783605,0,1,5,,,
175538196,278.43923607038124,1,417.1600234280988,0,0,3,,,
175538196,279.0860171065494,1,418.12903625836145,0,0,3,,,
175538196,279.7327981427175,5,419.0980490886242,0,0,2,,,
176696392,280.37957917888565,2,420.0670619188869,0,0,0,,,
176696392,281.0263602150538,0,421.03607474914963,0,1,2,,,
177939384,281.6731412512219,3,422.00508757941236,0,2,2,,,
177939384,282.31992228739006,1,422.97410040967503,1,0,4,,,
177939384,282.9667033235582,1,423.94311323993776,0,1,3,,,
177939384,283.6134843597263,3,424.9121260702005,1,1,1,,,
178416108,284.26026539589446,3,425.8811389004632,1,0,0,,,
178695649,284.9070464320626,0,426.8501517307259,0,1,0,,,
178695649,285.55382746823074,0,427.8191645609886,0,2,4,,,
178695649,286.2006085043989,2,428.78817739125134,1,0,0,,,
178695649,286.84738954056695,1,429.75719022151407,0,0,4,,,
178936867,287.4941705767351,3,430.7262030517768,0,0,3,,,
179297503,288.1409516129032,3,431.6952158820395,0,0,1,,,
179297503,288.78773264907136,1,432.6642287123022,0,1,2,,,
183176667,289.4345136852395,0,433.6332415425649,0,0,2,,,
183176667,290.08129472140763,1,434.60225437282764,0,0,3,,,
185017517,290.72807575757577,0,435.5712672030903,2,0,2,,,
185017517,291.3748567937439,1,436.54028003335304,0,0,1,,,
186023475,292.02163782991204,3,437.50929286361577,0,1,3,,,
186023475,292.6684188660802,1,438.4783056938785,0,0,1,,,
186023475,293.3151999022483,5,439.4473185241412,0,0,1,,,
186023475,293.96198093841645,1,440.41633135440395,1,1,1,,,
186824143,294.6087619745846,0,441.3853441846666,0,1,5,,,
186824143,295.2555430107527,3,442.35435701492935,0,0,0,,,
186824143,295.90232404692085,1,443.3233698451921,1,1,3,,,
186824143,296.549105083089,1,444.29238267545475,0,0,3,,,
186824143,297.1958861192571,3,445.2613955057175,0,0,2,,,
186824143,297.84266715542526,2,446.2304083359802,0,0,1,,,
186824143,298.4894481915934,2,447.1994211662429,0,0,2,,,
190050427,299.13622922776153,5,448.16843399650566,0,0,1,,,
190050427,299.7830102639296,2,449.1374468267684,0,0,2,,,
190050427,300.42979130009775,3,450.10645965703105,0,0,4,,,
190050427,301.0765723362659,1,451.0754724872938,0,1,0,,,
190050427,301.723353372434,2,452.0444853175565,0,0,2,,,
197372387,302.37013440860215,1,453.01349814781923,0,0,2,,,
197372387,303.0169154447703,1,453.9825109780819,0,0,2,,,
197372387,303.6636964809384,1,454.95152380834463,0,0,5,,,
197372387,304.31047751710656,1,455.92053663860736,0,0,3,,,
197372387,304.9572585532747,1,456.8895494688701,0,0,1,,,
197372387,305.60403958944283,0,457.8585622991328,0,0,2,,,
197372387,306.25082062561097,1,458.8275751293955,0,0,2,,,
199007795,306.8976016617791,0,459.7965879596582,0,0,3,,,
199007795,307.54438269794724,2,460.76560078992094,0,1,1,,,
199007795,308.1911637341154,4,461.73461362018367,0,0,5,,,
199007795,308.8379447702835,0,462.70362645044634,0,1,4,,,
199007795,309.48472580645165,1,463.67263928070906,0,0,1,,,
199007795,310.1315068426198,0,464.6416521109718,0,0,5,,,
199007795,310.7782878787879,2,465.6106649412345,1,0,3,,,
604365,311.42506891495606,0,466.57967777149724,0,0,1,,,
604365,312.07184995112414,4,467.54869060176,0,0,6,,,
604365,312.7186309872923,2,468.51770343202264,0,0,7,,,
604365,313.3654120234604,1,469.48671626228537,0,0,2,,,
2249013,314.01219305962854,1,470.4557290925481,1,0,5,,,
2249013,314.6589740957967,2,471.42474192281077,0,0,8,,,
2249013,315.3057551319648,1,472.3937547530735,0,0,6,,,
2249013,315.95253616813295,2,473.3627675833362,0,0,6,,,
4295204,316.5993172043011,1,474.33178041359895,0,0,3,,,
4295204,317.2460982404692,0,475.3007932438617,0,0,2,,,
6367489,317.89287927663736,0,476.2698060741244,0,1,3,,,
6367489,318.5396603128055,2,477.2388189043871,0,0,6,,,
7681975,319.18644134897363,1,478.2078317346498,0,0,7,,,
7681975,319.83322238514177,1,479.1768445649125,0,0,6,,,
7681975,320.4800034213099,1,480.1458573951752,0,0,4,,,
7681975,321.12678445747804,0,481.1148702254379,1,0,4,,,
9569618,321.7735654936462,2,482.08388305570065,0,0,5,,,
9569618,322.4203465298143,3,483.0528958859634,0,0,6,,,
9569618,323.06712756598245,2,484.0219087162261,0,0,6,,,
9569618,323.7139086021506,1,484.99092154648883,0,1,3,,,
9569618,324.3606896383187,1,485.9599343767515,0,0,9,,,
9569618,325.00747067448685,0,486.92894720701423,0,0,5,,,
9687697,325.65425171065493,3,487.89796003727696,0,0,3,,,
9687697,326.30103274682307,0,488.8669728675397,0,0,1,,,
9687697,326.9478137829912,1,489.83598569780236,0,0,7,,,
9687697,327.59459481915934,0,490.8049985280651,0,0,4,,,
15278566,328.2413758553275,1,491.7740113583278,0,0,4,,,
15278566,328.8881568914956,1,492.74302418859054,0,1,3,,,
15278566,329.53493792766375,0,493.71203701885327,0,0,4,,,
19551455,330.1817189638319,2,494.68104984911594,0,0,5,,,
19551455,330.8285,1,495.65006267937866,0,0,1,,,
19551455,331.47528103616816,1,496.6190755096414,0,0,6,,,
19551455,332.1220620723363,2,497.5880883399041,0,0,7,,,
20552158,332.7688431085044,1,498.5571011701668,0,0,3,,,
20552158,333.41562414467256,3,499.5261140004295,0,0,6,,,
20552158,334.0624051808407,2,500.49512683069224,0,0,4,,,
24112740,334.70918621700883,3,501.46413966095497,0,0,7,,,
24112740,335.35596725317697,0,502.4331524912177,0,0,10,,,
28753572,336.0027482893451,2,503.40216532148037,0,0,4,,,
28753572,336.64952932551324,1,504.3711781517431,0,0,2,,,
28753572,337.2963103616813,2,505.3401909820058,0,0,12,,,
28753572,337.94309139784946,1,506.30920381226855,0,1,8,,,
34541190,338.5898724340176,1,507.2782166425312,0,0,9,,,
34541190,339.23665347018573,3,508.24722947279395,0,0,6,,,
34541190,339.88343450635386,0,509.2162423030567,0,0,5,,,
34541190,340.530215542522,3,510.1852551333194,0,0,7,,,
34541190,341.17699657869014,1,511.15426796358213,0,0,5,,,
34541190,341.8237776148583,3,512.1232807938449,0,0,5,,,
44132230,342.4705586510264,0,513.0922936241076,0,0,1,,,
44132230,343.11733968719454,2,514.0613064543702,0,1,3,,,
44132230,343.7641207233627,1,515.0303192846329,0,0,4,,,
45493098,344.4109017595308,1,515.9993321148957,0,0,2,,,
45493098,345.05768279569895,2,516.9683449451584,0,0,7,,,
46571478,345.7044638318671,0,517.9373577754211,0,0,3,,,
46571478,346.3512448680352,2,518.9063706056838,0,0,5,,,
46571478,346.99802590420336,0,519.8753834359466,0,0,7,,,
58115412,347.6448069403715,3,520.8443962662093,0,0,6,,,
58115412,348.29158797653963,2,521.813409096472,0,0,5,,,
58115412,348.93836901270777,0,522.7824219267347,0,0,1,,,
58115412,349.5851500488759,3,523.7514347569974,0,0,3,,,
59591841,350.23193108504404,2,524.7204475872601,0,0,5,,,
59591841,350.8787121212121,2,525.6894604175228,0,0,2,,,
59671115,351.52549315738025,0,526.6584732477855,0,0,1,,,
59671115,352.1722741935484,0,527.6274860780483,0,0,2,,,
59671115,352.8190552297165,0,528.596498908311,0,0,1,,,
62794770,353.46583626588466,6,529.5655117385737,0,0,5,,,
62830266,354.1126173020528,0,530.5345245688364,0,0,2,,,
62830266,354.75939833822093,2,531.5035373990991,0,0,4,,,
62830266,355.40617937438907,0,532.4725502293618,0,0,2,,,
62830266,356.0529604105572,0,533.4415630596245,0,1,2,,,
62830266,356.69974144672534,2,534.4105758898872,0,1,4,,,
62953784,357.3465224828935,3,535.37958872015,0,0,3,,,
62953784,357.9933035190616,0,536.3486015504127,0,1,0,,,
62953784,358.64008455522975,1,537.3176143806754,0,0,3,,,
66074079,359.2868655913979,1,538.2866272109381,0,0,3,,,
66074079,359.933646627566,1,539.2556400412009,0,0,2,,,
66074079,360.58042766373416,2,540.2246528714636,0,0,1,,,
66074079,361.2272086999023,1,541.1936657017263,0,0,1,,,
66074079,361.8739897360704,1,542.162678531989,0,1,1,,,
66193251,362.52077077223856,0,543.1316913622517,0,0,0,,,
66193251,363.16755180840664,2,544.1007041925144,0,0,1,,,
66193251,363.8143328445748,0,545.0697170227771,1,0,0,,,
66193251,364.4611138807429,1,546.0387298530399,0,0,1,,,
66193251,365.10789491691105,2,547.0077426833026,0,0,1,,,
67711585,365.7546759530792,0,547.9767555135653,0,0,1,,,
67711585,366.4014569892473,0,548.945768343828,0,0,1,,,
67711585,367.04823802541546,0,549.9147811740906,0,0,3,,,
67711585,367.6950190615836,0,550.8837940043534,0,0,1,,,
70832744,368.34180009775173,2,551.8528068346161,0,0,3,,,
70832744,368.98858113391987,5,552.8218196648788,0,0,0,,,
70832744,369.635362170088,0,553.7908324951416,0,0,0,,,
70832744,370.28214320625614,0,554.7598453254043,0,0,2,,,
70832744,370.9289242424243,1,555.728858155667,0,0,2,,,
70832744,371.5757052785924,2,556.6978709859297,0,1,1,,,
72137712,372.22248631476054,3,557.6668838161925,0,0,3,,,
72137712,372.8692673509287,1,558.6358966464552,0,0,2,,,
72137712,373.5160483870968,3,559.6049094767178,0,0,1,,,
72137712,374.16282942326495,0,560.5739223069805,1,0,4,,,
72137712,374.8096104594331,1,561.5429351372433,0,0,0,,,
76817146,375.4563914956012,3,562.511947967506,0,0,0,,,
76817146,376.1031725317693,3,563.4809607977687,0,0,0,,,
76817146,376.74995356793744,0,564.4499736280314,0,0,0,,,
76817146,377.3967346041056,0,565.4189864582942,0,0,1,,,
76817146,378.0435156402737,3,566.3879992885569,0,0,2,,,
76817146,378.69029667644185,2,567.3570121188195,0,0,0,,,
76817146,379.33707771261,4,568.3260249490822,0,0,1,,,
76817146,379.9838587487781,0,569.295037779345,0,0,0,,,
76817146,380.63063978494625,1,570.2640506096077,0,0,0,,,
76817146,381.2774208211144,2,571.2330634398704,0,0,1,,,
76817146,381.9242018572825,1,572.2020762701331,0,0,1,,,
76817146,382.57098289345066,2,573.1710891003959,0,0,0,,,
76817146,383.2177639296188,1,574.1401019306586,0,1,0,,,
76817146,383.86454496578693,1,575.1091147609213,0,0,0,,,
76817146,384.51132600195507,0,576.078127591184,0,0,1,,,
76817146,385.1581070381232,1,577.0471404214468,0,0,1,,,
76817146,385.80488807429134,1,578.0161532517094,0,0,0,,,
76817146,386.4516691104595,3,578.9851660819721,0,0,1,,,
76817146,387.0984501466276,1,579.9541789122349,0,0,1,,,
76817146,387.74523118279575,1,580.9231917424976,0,0,1,,,
76817146,388.3920122189638,0,581.8922045727603,0,0,1,,,
76817146,389.03879325513196,2,582.861217403023,0,0,0,,,
78382361,389.6855742913001,1,583.8302302332858,0,0,0,,,
82419126,390.33235532746824,2,584.7992430635485,0,0,0,,,
82419126,390.97913636363637,1,585.7682558938111,0,0,1,,,
82419126,391.6259173998045,2,586.7372687240738,0,0,1,,,
87470387,392.27269843597264,1,587.7062815543366,0,0,0,,,
89951318,392.9194794721408,1,588.6752943845993,0,0,1,,,
89951318,393.5662605083089,2,589.644307214862,0,0,3,,,
89951318,394.21304154447705,2,590.6133200451247,0,0,1,,,
89951318,394.8598225806452,1,591.5823328753875,0,0,3,,,
89951318,395.5066036168133,2,592.5513457056502,0,0,1,,,
89951318,396.15338465298146,1,593.5203585359129,0,0,1,,,
92068372,396.8001656891496,0,594.4893713661756,0,0,2,,,
92068372,397.44694672531773,2,595.4583841964383,0,0,0,,,
92068372,398.09372776148587,2,596.427397026701,0,0,0,,,
95017174,398.740508797654,3,597.3964098569637,0,0,0,,,
95017174,399.38728983382214,3,598.3654226872264,0,0,1,,,
95017174,400.0340708699903,1,599.3344355174892,0,0,1,,,
95017174,400.6808519061584,0,600.3034483477519,0,0,2,,,
98613434,401.32763294232655,1,601.2724611780146,0,0,0,,,
101214442,401.9744139784946,1,602.2414740082774,1,0,1,,,
101250160,402.62119501466276,0,603.21048683854,0,0,1,,,
101250160,403.2679760508309,0,604.1794996688027,0,0,0,,,
101250160,403.91475708699903,0,605.1485124990654,0,0,1,,,
101250160,404.56153812316717,1,606.1175253293281,1,0,0,,,
101250160,405.2083191593353,1,607.0865381595909,0,0,1,,,
102132996,405.85510019550344,2,608.0555509898536,0,0,0,,,
102132996,406.5018812316716,3,609.0245638201163,0,0,2,,,
102132996,407.1486622678397,4,609.993576650379,0,0,0,,,
103414443,407.79544330400785,0,610.9625894806418,0,0,1,,,
103414443,408.442224340176,1,611.9316023109045,0,0,2,,,
103414443,409.0890053763441,0,612.9006151411671,0,0,1,,,
103414443,409.73578641251225,0,613.8696279714298,0,0,2,,,
103414443,410.3825674486804,0,614.8386408016926,0,0,1,,,
104892693,411.0293484848485,2,615.8076536319553,0,0,2,,,
104892693,411.67612952101666,0,616.776666462218,0,0,1,,,
106332324,412.3229105571848,1,617.7456792924808,0,0,0,,,
106332324,412.96969159335293,0,618.7146921227435,0,0,1,,,
106332324,413.61647262952107,0,619.6837049530062,0,0,3,,,
106332324,414.26325366568915,0,620.6527177832689,0,0,0,,,
106332324,414.9100347018573,1,621.6217306135316,0,0,3,,,
106332324,415.5568157380254,1,622.5907434437943,0,0,0,,,
106332324,416.20359677419356,3,623.559756274057,0,0,2,,,
106332324,416.8503778103617,1,624.5287691043197,0,0,1,,,
106770408,417.4971588465298,0,625.4977819345825,0,0,0,,,
107052690,418.14393988269796,0,626.4667947648452,0,0,3,,,
107052690,418.7907209188661,0,627.4358075951079,1,0,1,,,
109254153,419.43750195503424,0,628.4048204253706,0,1,1,,,
109254153,420.0842829912024,0,629.3738332556334,0,0,0,,,
109254153,420.7310640273705,1,630.3428460858961,1,0,2,,,
109254153,421.37784506353864,0,631.3118589161587,0,0,0,,,
109254153,422.0246260997068,1,632.2808717464214,0,0,1,,,
109254153,422.6714071358749,1,633.2498845766842,0,0,0,,,
112566176,423.31818817204305,2,634.2188974069469,0,0,3,,,
112566176,423.9649692082112,1,635.1879102372096,0,0,1,,,
112566176,424.6117502443793,1,636.1569230674723,0,0,0,,,
112566176,425.25853128054746,1,637.1259358977351,0,0,0,,,
112566176,425.9053123167156,0,638.0949487279978,0,0,0,,,
119790610,426.55209335288373,4,639.0639615582604,0,0,0,,,
119790610,427.1988743890518,1,640.0329743885231,0,0,1,,,
119790610,427.84565542521995,1,641.0019872187859,0,1,1,,,
119790610,428.4924364613881,2,641.9710000490486,0,1,0,,,
123474687,429.1392174975562,2,642.9400128793113,0,0,1,,,
123474687,429.78599853372435,0,643.909025709574,0,0,3,,,
123474687,430.4327795698925,3,644.8780385398368,0,0,1,,,
123474687,431.0795606060606,1,645.8470513700995,0,0,0,,,
123630047,431.72634164222876,1,646.8160642003622,0,1,0,,,
125267421,432.3731226783969,2,647.785077030625,0,0,0,,,
125267421,433.01990371456503,0,648.7540898608876,0,0,1,,,
125267421,433.66668475073317,1,649.7231026911503,0,0,0,,,
125267421,434.3134657869013,2,650.692115521413,0,0,1,,,
125267421,434.96024682306944,0,651.6611283516758,0,0,1,,,
125267421,435.6070278592376,3,652.6301411819385,0,0,0,,,
126548650,436.2538088954057,2,653.5991540122012,0,0,1,,,
126548650,436.90058993157385,4,654.5681668424639,0,0,0,,,
126548650,437.547370967742,1,655.5371796727267,0,0,1,,,
126548650,438.1941520039101,0,656.5061925029894,0,0,0,,,
126548650,438.84093304007826,5,657.475205333252,0,0,0,,,
126548650,439.48771407624633,0,658.4442181635147,0,0,0,,,
126548650,440.13449511241447,2,659.4132309937775,0,0,1,,,
128268614,440.7812761485826,0,660.3822438240402,0,0,0,,,
139303811,441.42805718475074,0,661.3512566543029,0,0,0,,,
139303811,442.0748382209189,2,662.3202694845656,0,0,0,,,
139303811,442.721619257087,4,663.2892823148284,0,0,1,,,
139303811,443.36840029325515,1,664.2582951450911,0,0,0,,,
139303811,444.0151813294233,0,665.2273079753538,0,0,0,,,
140101390,444.6619623655914,1,666.1963208056166,0,0,0,,,
140101390,445.30874340175956,2,667.1653336358792,0,0,1,,,
140101390,445.9555244379277,1,668.1343464661419,0,0,1,,,
140624261,446.60230547409583,2,669.1033592964046,0,0,0,,,
143211216,447.24908651026396,2,670.0723721266673,0,0,0,,,
143253921,447.8958675464321,1,671.0413849569301,0,0,0,,,
143253921,448.54264858260024,0,672.0103977871928,0,0,1,,,
155367245,449.1894296187684,2,672.9794106174555,0,0,0,,,
155367245,449.8362106549365,1,673.9484234477183,0,0,0,,,
155367245,450.48299169110464,2,674.9174362779809,0,0,0,,,
155367245,451.1297727272728,1,675.8864491082436,0,0,0,,,
155367245,451.7765537634409,2,676.8554619385063,0,0,0,,,
155367245,452.42333479960905,4,677.824474768769,0,0,1,,,
161484845,453.07011583577713,4,678.7934875990318,0,0,1,,,
162962620,453.71689687194527,1,679.7625004292945,0,0,0,,,
162962620,454.3636779081134,0,680.7315132595572,0,0,1,,,
162962620,455.01045894428154,2,681.70052608982,0,0,0,,,
171997402,455.6572399804497,1,682.6695389200827,0,0,0,,,
171997402,456.3040210166178,2,683.6385517503454,0,0,0,,,
171997402,456.95080205278595,1,684.607564580608,0,0,1,,,
171997402,457.5975830889541,3,685.5765774108708,0,0,0,,,
171997402,458.2443641251222,1,686.5455902411335,0,0,1,,,
175509978,458.89114516129035,0,687.5146030713962,0,0,0,,,
175509978,459.5379261974585,2,688.4836159016589,0,0,0,,,
175509978,460.1847072336266,2,689.4526287319217,0,0,1,,,
176906528,460.83148826979476,0,690.4216415621844,0,0,1,,,
176906528,461.4782693059629,1,691.3906543924471,0,0,1,,,
178985058,462.12505034213103,0,692.3596672227097,0,0,0,,,
178985058,462.77183137829917,5,693.3286800529725,0,0,0,,,
178985058,463.4186124144673,3,694.2976928832352,0,0,0,,,
183384636,464.06539345063544,5,695.2667057134979,0,0,0,,,
185143496,464.7121744868035,2,696.2357185437606,0,0,0,,,
185143496,465.35895552297166,1,697.2047313740234,0,0,0,,,
185143496,466.0057365591398,3,698.1737442042861,0,0,1,,,
185935577,466.6525175953079,2,699.1427570345488,0,0,0,,,
185935577,467.29929863147606,0,700.1117698648115,0,0,1,,,
194647621,467.9460796676442,4,701.0807826950743,0,0,0,,,
194647621,468.59286070381233,3,702.049795525337,0,0,1,,,
194647621,469.23964173998047,1,703.0188083555996,0,0,0,,,
194647621,469.8864227761486,6,703.9878211858623,0,0,0,,,
194647621,470.53320381231674,2,704.9568340161251,0,0,2,,,
194647621,471.1799848484849,3,705.9258468463878,0,0,0,,,
196327752,471.826765884653,4,706.8948596766505,0,0,0,,,
196327752,472.47354692082115,2,707.8638725069133,0,0,0,,,
197013798,473.1203279569893,3,708.832885337176,0,0,0,,,
197013798,473.7671089931574,4,709.8018981674387,0,0,0,,,
197013798,474.41389002932556,1,710.7709109977013,0,0,0,,,
197013798,475.0606710654937,0,711.739923827964,0,0,0,,,
199326357,475.70745210166183,6,712.7089366582268,0,0,0,,,
13610615,476.35423313782997,6,713.6779494884895,0,0,0,,,
13652266,477.0010141739981,4,714.6469623187522,0,0,0,,,
13652266,477.64779521016624,4,715.615975149015,0,0,0,,,
17289992,478.2945762463343,1,716.5849879792777,0,0,1,,,
17289992,478.94135728250245,1,717.5540008095404,0,0,0,,,
17289992,479.5881383186706,3,718.5230136398031,0,0,0,,,
24447515,480.2349193548387,8,719.4920264700659,0,0,0,,,
24447515,480.88170039100686,3,720.4610393003285,0,0,0,,,
24447515,481.528481427175,4,721.4300521305912,0,0,0,,,
24447515,482.17526246334313,1,722.3990649608539,0,0,0,,,
24447515,482.82204349951127,2,723.3680777911167,0,0,0,,,
27443654,483.4688245356794,1,724.3370906213794,0,0,0,,,
27443654,484.11560557184754,5,725.3061034516421,0,0,0,,,
27443654,484.7623866080157,3,726.2751162819048,0,0,0,,,
27443654,485.4091676441838,3,727.2441291121676,0,0,1,,,
27443654,486.05594868035195,7,728.2131419424302,0,0,0,,,
27443654,486.7027297165201,4,729.1821547726929,0,0,0,,,
37356711,487.3495107526882,4,730.1511676029556,0,0,0,,,
37356711,487.99629178885635,2,731.1201804332184,0,0,0,,,
37356711,488.6430728250245,2,732.0891932634811,0,0,0,,,
37356711,489.2898538611926,1,733.0582060937438,0,0,1,,,
40042994,489.93663489736076,0,734.0272189240065,0,0,0,,,
41278862,490.58341593352884,5,734.9962317542693,0,0,0,,,
41278862,491.230196969697,2,735.965244584532,0,0,0,,,
44356829,491.8769780058651,3,736.9342574147947,0,0,0,,,
44356829,492.52375904203325,6,737.9032702450575,0,0,0,,,
44356829,493.1705400782014,5,738.8722830753201,0,0,0,,,
44356829,493.8173211143695,4,739.8412959055828,0,0,1,,,
44356829,494.46410215053766,1,740.8103087358455,0,0,0,,,
51718519,495.1108831867058,3,741.7793215661083,1,0,0,,,
51718519,495.7576642228739,3,742.748334396371,0,0,1,,,
51718519,496.40444525904206,3,743.7173472266337,0,0,1,,,
51718519,497.0512262952102,5,744.6863600568964,0,0,1,,,
51718519,497.69800733137834,6,745.6553728871592,0,0,1,,,
52958733,498.34478836754647,2,746.6243857174218,0,0,0,,,
52958733,498.9915694037146,5,747.5933985476845,0,0,0,,,
52958733,499.63835043988274,4,748.5624113779472,0,0,0,,,
52958733,500.2851314760509,3,749.53142420821,0,0,0,,,
52958733,500.931912512219,2,750.5004370384727,0,0,0,,,
52958733,501.57869354838715,1,751.4694498687354,0,0,0,,,
60317123,502.2254745845553,5,752.4384626989981,0,0,0,,,
60317123,502.8722556207234,5,753.4074755292609,0,0,0,,,
61959684,503.5190366568915,2,754.3764883595236,0,0,0,,,
61959684,504.16581769305964,0,755.3455011897863,0,0,0,,,
61959684,504.8125987292278,6,756.3145140200489,0,0,0,,,
63635318,505.4593797653959,5,757.2835268503117,0,0,1,,,
63635318,506.10616080156404,5,758.2525396805744,0,0,0,,,
63635318,506.7529418377322,5,759.2215525108371,0,0,0,,,
63635318,507.3997228739003,4,760.1905653410998,0,0,0,,,
63635318,508.04650391006845,4,761.1595781713626,0,0,0,,,
63635318,508.6932849462366,3,762.1285910016253,0,0,0,,,
63635318,509.3400659824047,7,763.097603831888,0,0,0,,,
63635318,509.98684701857286,6,764.0666166621506,0,0,0,,,
66436172,510.633628054741,3,765.0356294924134,0,0,0,,,
66436172,511.28040909090913,7,766.0046423226761,0,0,1,,,
69076327,511.92719012707727,4,766.9736551529388,0,0,0,,,
69076327,512.5739711632455,3,767.9426679832015,0,0,0,,,
69076327,513.2207521994135,7,768.9116808134643,0,0,0,,,
69076327,513.8675332355817,1,769.880693643727,0,0,0,,,
69076327,514.5143142717498,2,770.8497064739897,0,0,0,,,
69076327,515.161095307918,1,771.8187193042525,0,0,0,,,
73041800,515.807876344086,3,772.7877321345152,0,0,1,,,
73041800,516.4546573802543,4,773.7567449647778,0,0,0,,,
73041800,517.1014384164223,1,774.7257577950405,0,0,0,,,
75792497,517.7482194525905,3,775.6947706253032,0,0,1,,,
75792497,518.3950004887586,2,776.663783455566,0,0,0,,,
75792497,519.0417815249268,5,777.6327962858287,0,0,0,,,
75792497,519.6885625610948,6,778.6018091160914,0,0,0,,,
75792497,520.3353435972631,1,779.5708219463542,0,0,0,,,
75792497,520.9821246334311,1,780.5398347766169,0,0,0,,,
75792497,521.6289056695994,6,781.5088476068796,0,0,0,,,
76390442,522.2756867057674,3,782.4778604371422,0,0,0,,,
76390442,522.9224677419354,3,783.446873267405,0,0,0,,,
79857943,523.5692487781037,3,784.4158860976677,0,0,2,,,
79857943,524.2160298142717,2,785.3848989279304,0,0,0,,,
79857943,524.8628108504399,1,786.3539117581931,0,0,0,,,
80856901,525.509591886608,6,787.3229245884559,0,0,1,,,
80856901,526.1563729227762,1,788.2919374187186,0,0,0,,,
80856901,526.8031539589442,2,789.2609502489813,0,0,0,,,
80856901,527.4499349951125,0,790.229963079244,0,0,0,,,
80856901,528.0967160312805,0,791.1989759095068,0,0,0,,,
80856901,528.7434970674487,1,792.1679887397694,0,0,1,,,
86747432,529.3902781036168,2,793.1370015700321,0,0,0,,,
86747432,530.037059139785,1,794.1060144002948,0,0,0,,,
90855553,530.683840175953,0,795.0750272305576,0,0,0,,,
90855553,531.3306212121213,2,796.0440400608203,0,0,0,,,
90855553,531.9774022482893,4,797.013052891083,0,0,0,,,
90896638,532.6241832844576,1,797.9820657213457,0,0,0,,,
91495094,533.2709643206256,2,798.9510785516085,0,0,0,,,
94129475,533.9177453567938,4,799.9200913818711,0,0,0,,,
94527427,534.5645263929619,1,800.8891042121338,1,0,0,,,
94527427,535.2113074291301,0,801.8581170423965,0,0,0,,,
99927016,535.8580884652981,5,802.8271298726593,0,0,0,,,
99927016,536.5048695014664,2,803.796142702922,0,0,0,,,
99927016,537.1516505376344,2,804.7651555331847,0,0,0,,,
99927016,537.7984315738026,1,805.7341683634475,0,0,0,,,
102888448,538.4452126099707,3,806.7031811937102,0,0,0,,,
102888448,539.0919936461389,0,807.6721940239729,0,0,0,,,
105568586,539.7387746823069,4,808.6412068542356,0,0,1,,,
108321386,540.3855557184752,4,809.6102196844982,0,0,0,,,
108321386,541.0323367546432,0,810.579232514761,0,0,0,,,
111161758,541.6791177908115,0,811.5482453450237,0,0,0,,,
111161758,542.3258988269795,0,812.5172581752864,0,0,0,,,
111161758,542.9726798631477,2,813.4862710055492,0,0,0,,,
111161758,543.6194608993158,1,814.4552838358119,0,0,0,,,
111161758,544.266241935484,1,815.4242966660746,0,0,1,,,
111161758,544.913022971652,0,816.3933094963373,0,0,0,,,
111161758,545.5598040078203,0,817.3623223266001,0,0,1,,,
111161758,546.2065850439883,1,818.3313351568627,0,0,0,,,
111161758,546.8533660801565,0,819.3003479871254,0,0,0,,,
111161758,547.5001471163246,0,820.2693608173881,0,0,0,,,
111161758,548.1469281524926,0,821.2383736476509,0,0,0,,,
111161758,548.7937091886608,0,822.2073864779136,0,0,0,,,
111161758,549.4404902248289,1,823.1763993081763,0,0,0,,,
111161758,550.0872712609971,0,824.145412138439,0,0,0,,,
111161758,550.7340522971651,2,825.1144249687018,0,0,1,,,
111161758,551.3808333333334,2,826.0834377989645,0,0,1,,,
111161758,552.0276143695014,3,827.0524506292272,0,0,0,,,
111161758,552.6743954056697,1,828.0214634594898,0,0,0,,,
111161758,553.3211764418377,0,828.9904762897526,0,0,0,,,
111161758,553.9679574780059,0,829.9594891200153,0,0,0,,,
111161758,554.614738514174,2,830.928501950278,0,0,0,,,
111161758,555.2615195503422,0,831.8975147805407,0,0,0,,,
111161758,555.9083005865102,0,832.8665276108035,0,0,0,,,
112202893,556.5550816226785,1,833.8355404410662,0,0,0,,,
112202893,557.2018626588465,0,834.8045532713289,0,0,0,,,
112202893,557.8486436950147,1,835.7735661015915,0,0,0,,,
112202893,558.4954247311828,0,836.7425789318543,0,0,0,,,
112441083,559.142205767351,0,837.711591762117,0,0,1,,,
112441083,559.788986803519,0,838.6806045923797,0,0,0,,,
112441083,560.4357678396873,0,839.6496174226425,0,0,1,,,
112441083,561.0825488758553,0,840.6186302529052,0,0,0,,,
113598084,561.7293299120236,0,841.5876430831679,0,0,0,,,
113598084,562.3761109481916,1,842.5566559134306,0,0,0,,,
113598084,563.0228919843598,1,843.5256687436934,0,0,0,,,
114272641,563.6696730205279,0,844.4946815739561,0,0,0,,,
114272641,564.3164540566961,0,845.4636944042187,0,0,0,,,
114272641,564.9632350928641,2,846.4327072344814,0,0,0,,,
114272641,565.6100161290324,0,847.4017200647442,0,0,1,,,
123396451,566.2567971652004,0,848.3707328950069,0,0,0,,,
123396451,566.9035782013686,0,849.3397457252696,0,0,0,,,
123396451,567.5503592375367,0,850.3087585555323,0,0,0,,,
123396451,568.1971402737049,0,851.2777713857951,0,0,0,,,
124797012,568.8439213098729,0,852.2467842160578,0,0,0,,,
124797012,569.4907023460412,0,853.2157970463205,0,0,0,,,
124797012,570.1374833822092,0,854.1848098765831,0,0,0,,,
124797012,570.7842644183775,1,855.1538227068459,0,0,0,,,
124797012,571.4310454545455,0,856.1228355371086,0,0,0,,,
128078811,572.0778264907137,1,857.0918483673713,0,0,0,,,
128078811,572.7246075268818,0,858.060861197634,0,0,0,,,
132591476,573.3713885630499,0,859.0298740278968,0,0,0,,,
132591476,574.018169599218,0,859.9988868581595,0,0,0,,,
135832340,574.664950635386,0,860.9678996884222,0,0,1,,,
135832340,575.3117316715543,0,861.936912518685,0,0,0,,,
136350957,575.9585127077223,0,862.9059253489477,0,0,0,,,
136350957,576.6052937438906,0,863.8749381792103,0,0,0,,,
136350957,577.2520747800586,0,864.843951009473,0,0,0,,,
146390564,577.8988558162268,0,865.8129638397357,0,0,0,,,
146390564,578.5456368523949,0,866.7819766699985,0,0,0,,,
146390564,579.1924178885631,0,867.7509895002612,0,0,0,,,
146390564,579.8391989247311,0,868.7200023305239,0,0,0,,,
146390564,580.4859799608994,0,869.6890151607867,0,0,0,,,
146390564,581.1327609970674,0,870.6580279910494,0,0,0,,,
146390564,581.7795420332357,0,871.627040821312,0,0,0,,,
146390564,582.4263230694037,0,872.5960536515747,0,0,1,,,
155068414,583.0731041055719,0,873.5650664818374,0,0,0,,,
155068414,583.71988514174,0,874.5340793121002,0,0,0,,,
155068414,584.3666661779082,0,875.5030921423629,0,0,0,,,
162548397,585.0134472140762,0,876.4721049726256,0,0,0,,,
162548397,585.6602282502445,0,877.4411178028884,0,0,0,,,
162548397,586.3070092864125,0,878.4101306331511,0,0,0,,,
162548397,586.9537903225807,0,879.3791434634138,0,0,0,,,
169503975,587.6005713587488,0,880.3481562936765,0,0,0,,,
169503975,588.247352394917,0,881.3171691239392,0,0,0,,,
169503975,588.894133431085,0,882.2861819542019,0,0,0,,,
169503975,589.5409144672533,0,883.2551947844646,0,0,0,,,
169503975,590.1876955034213,0,884.2242076147273,0,0,0,,,
176621701,590.8344765395896,0,885.1932204449901,0,0,0,,,
176621701,591.4812575757576,1,886.1622332752528,0,0,0,,,
179140719,592.1280386119258,0,887.1312461055155,0,0,0,,,
179140719,592.7748196480939,0,888.1002589357782,0,0,0,,,
179140719,593.4216006842621,1,889.0692717660409,0,0,0,,,
179340548,594.0683817204301,0,890.0382845963036,0,0,0,,,
179340548,594.7151627565984,0,891.0072974265663,0,0,0,,,
179340548,595.3619437927664,0,891.976310256829,0,0,0,,,
188223451,596.0087248289346,1,892.9453230870918,0,0,0,,,
188223451,596.6555058651027,1,893.9143359173545,0,0,0,,,
188223451,597.3022869012709,0,894.8833487476172,0,0,0,,,
188223451,597.9490679374389,0,895.85236157788,0,0,0,,,
189461624,598.5958489736071,0,896.8213744081427,0,0,0,,,
193739815,599.2426300097752,0,897.7903872384054,0,0,0,,,
193739815,599.8894110459432,0,898.7594000686681,0,0,0,,,
193739815,600.5361920821115,0,899.7284128989307,0,0,0,,,
194458945,601.1829731182795,0,900.6974257291935,0,0,0,,,
194458945,601.8297541544478,0,901.6664385594562,0,0,0,,,
3100639,602.4765351906158,0,902.6354513897189,0,0,0,,,
4385976,603.123316226784,0,903.6044642199817,0,0,0,,,
4385976,603.770097262952,0,904.5734770502444,0,0,0,,,
4385976,604.4168782991203,1,905.5424898805071,0,0,0,,,
4385976,605.0636593352883,0,906.5115027107698,0,0,0,,,
4385976,605.7104403714566,0,907.4805155410324,0,0,0,,,
4385976,606.3572214076246,0,908.4495283712952,0,0,0,,,
4385976,607.0040024437928,1,909.4185412015579,0,0,0,,,
6266495,607.6507834799609,0,910.3875540318206,0,0,0,,,
6266495,608.2975645161291,0,911.3565668620834,0,0,0,,,
15666249,608.9443455522971,0,912.3255796923461,0,0,0,,,
15666249,609.5911265884654,0,913.2945925226088,0,0,0,,,
15666249,610.2379076246334,0,914.2636053528715,0,0,0,,,
20389001,610.8846886608017,1,915.2326181831343,0,0,0,,,
20389001,611.5314696969697,0,916.201631013397,0,0,0,,,
20389001,612.1782507331379,0,917.1706438436596,0,0,0,,,
20389001,612.825031769306,0,918.1396566739223,0,0,0,,,
20389001,613.4718128054742,0,919.1086695041851,0,0,0,,,
20389001,614.1185938416422,1,920.0776823344478,0,0,0,,,
22108369,614.7653748778105,0,921.0466951647105,0,0,0,,,
22108369,615.4121559139785,0,922.0157079949732,0,0,0,,,
22108369,616.0589369501467,0,922.984720825236,0,0,0,,,
22226787,616.7057179863148,0,923.9537336554987,0,0,0,,,
22226787,617.352499022483,0,924.9227464857613,0,0,0,,,
22226787,617.999280058651,0,925.891759316024,0,0,0,,,
22226787,618.6460610948193,0,926.8607721462868,0,0,0,,,
34754269,619.2928421309873,0,927.8297849765495,0,0,0,,,
38950319,619.9396231671556,0,928.7987978068122,0,0,0,,,
40473578,620.5864042033236,0,929.767810637075,0,0,0,,,
40473578,621.2331852394918,0,930.7368234673377,0,0,0,,,
40473578,621.8799662756599,0,931.7058362976004,0,0,0,,,
40473578,622.5267473118281,0,932.6748491278631,0,0,0,,,
40473578,623.1735283479961,1,933.6438619581259,0,0,0,,,
55216349,623.8203093841643,0,934.6128747883886,0,0,0,,,
55216349,624.4670904203324,1,935.5818876186512,0,0,0,,,
55216349,625.1138714565004,0,936.5509004489139,0,0,0,,,
55216349,625.7606524926687,0,937.5199132791766,0,0,0,,,
55216349,626.4074335288367,1,938.4889261094394,0,0,0,,,
56664769,627.0542145650049,0,939.4579389397021,0,0,0,,,
56944482,627.700995601173,0,940.4269517699648,0,0,0,,,
56944482,628.3477766373412,2,941.3959646002276,0,0,0,,,
61338574,628.9945576735092,0,942.3649774304903,0,0,0,,,
61338574,629.6413387096775,0,943.3339902607529,0,0,0,,,
61338574,630.2881197458455,0,944.3030030910156,0,0,0,,,
61338574,630.9349007820138,0,945.2720159212784,0,0,0,,,
61338574,631.5816818181818,0,946.2410287515411,0,0,0,,,
66211871,632.22846285435,0,947.2100415818038,0,0,0,,,
66211871,632.875243890518,0,948.1790544120665,0,0,0,,,
66211871,633.5220249266863,0,949.1480672423293,0,0,0,,,
66211871,634.1688059628543,0,950.117080072592,0,0,0,,,
66211871,634.8155869990226,0,951.0860929028547,0,0,0,,,
66211871,635.4623680351906,0,952.0551057331174,0,0,0,,,
66211871,636.1091490713588,0,953.0241185633801,0,0,0,,,
66412124,636.7559301075269,1,953.9931313936428,0,0,0,,,
66412124,637.4027111436951,0,954.9621442239055,0,0,0,,,
66412124,638.0494921798631,0,955.9311570541682,0,0,0,,,
71933446,638.6962732160314,0,956.900169884431,0,0,0,,,
81527707,639.3430542521994,1,957.8691827146937,0,0,0,,,
85808712,639.9898352883677,0,958.8381955449564,0,0,0,,,
85808712,640.6366163245357,0,959.8072083752191,0,0,0,,,
90241884,641.2833973607039,0,960.7762212054818,0,0,0,,,
90241884,641.930178396872,0,961.7452340357445,0,0,0,,,
92482014,642.5769594330402,0,962.7142468660072,0,0,0,,,
92482014,643.2237404692082,0,963.6832596962699,0,0,0,,,
92482014,643.8705215053765,0,964.6522725265327,0,0,0,,,
98402268,644.5173025415445,0,965.6212853567954,0,0,0,,,
104404054,645.1640835777127,1,966.5902981870581,0,0,0,,,
104404054,645.8108646138808,0,967.5593110173209,0,0,0,,,
104404054,646.457645650049,0,968.5283238475836,0,0,0,,,
104404054,647.104426686217,0,969.4973366778463,0,0,0,,,
104404054,647.7512077223853,0,970.4663495081089,0,0,0,,,
104404054,648.3979887585533,0,971.4353623383716,0,0,0,,,
105838853,649.0447697947216,0,972.4043751686344,0,0,0,,,
105838853,649.6915508308896,0,973.3733879988971,0,0,0,,,
105838853,650.3383318670576,0,974.3424008291598,0,0,0,,,
105838853,650.9851129032259,1,975.3114136594226,0,0,0,,,
106039208,651.6318939393939,0,976.2804264896853,0,0,0,,,
109839678,652.2786749755621,0,977.249439319948,0,0,0,,,
109839678,652.9254560117301,0,978.2184521502107,0,0,0,,,
109839678,653.5722370478984,0,979.1874649804734,0,0,0,,,
109839678,654.2190180840664,0,980.1564778107361,0,0,0,,,
116086881,654.8657991202347,0,981.1254906409988,0,0,0,,,
123087051,655.5125801564027,0,982.0945034712615,0,0,0,,,
123087051,656.1593611925709,0,983.0635163015243,0,0,0,,,
123087051,656.806142228739,0,984.032529131787,0,0,0,,,
123087051,657.4529232649072,0,985.0015419620497,0,0,0,,,
131055261,658.0997043010752,0,985.9705547923124,0,0,0,,,
134578313,658.7464853372435,0,986.9395676225752,0,0,0,,,
134578313,659.3932663734115,2,987.9085804528379,0,0,0,,,
139611627,660.0400474095798,0,988.8775932831005,0,0,0,,,
139611627,660.6868284457478,0,989.8466061133632,0,0,0,,,
146297796,661.333609481916,17,990.815618943626,0,0,1,,,
146297796,,,,,,,,,
146297796,,,,,,,,,
146297796,,,,,,,,,
146297796,,,,,,,,,
146297796,,,,,,,,,
150577152,,,,,,,,,
150577152,,,,,,,,,
153096152,,,,,,,,,
158905049,,,,,,,,,
158905049,,,,,,,,,
160154438,,,,,,,,,
160154438,,,,,,,,,
160154438,,,,,,,,,
160154438,,,,,,,,,
160154438,,,,,,,,,
161873014,,,,,,,,,
162190290,,,,,,,,,
162190290,,,,,,,,,
162190290,,,,,,,,,
162190290,,,,,,,,,
162190290,,,,,,,,,
162190290,,,,,,,,,
165073150,,,,,,,,,
174311510,,,,,,,,,
174311510,,,,,,,,,
181871461,,,,,,,,,
181871461,,,,,,,,,
181871461,,,,,,,,,
182552493,,,,,,,,,
182552493,,,,,,,,,
183511114,,,,,,,,,
183511114,,,,,,,,,
183511114,,,,,,,,,
183511114,,,,,,,,,
192505814,,,,,,,,,
192505814,,,,,,,,,
3726085,,,,,,,,,
3726085,,,,,,,,,
8456102,,,,,,,,,
8456102,,,,,,,,,
8456102,,,,,,,,,
11337504,,,,,,,,,
11337504,,,,,,,,,
15104784,,,,,,,,,
15104784,,,,,,,,,
15544448,,,,,,,,,
15895045,,,,,,,,,
17017491,,,,,,,,,
17017491,,,,,,,,,
22618770,,,,,,,,,
22618770,,,,,,,,,
22618770,,,,,,,,,
25017960,,,,,,,,,
25017960,,,,,,,,,
25017960,,,,,,,,,
25017960,,,,,,,,,
29694763,,,,,,,,,
29813431,,,,,,,,,
29813431,,,,,,,,,
29813431,,,,,,,,,
29813431,,,,,,,,,
29813431,,,,,,,,,
31291277,,,,,,,,,
31291277,,,,,,,,,
31291277,,,,,,,,,
31291277,,,,,,,,,
31291277,,,,,,,,,
31291277,,,,,,,,,
37768191,,,,,,,,,
42208073,,,,,,,,,
42208073,,,,,,,,,
42208073,,,,,,,,,
42208073,,,,,,,,,
42208073,,,,,,,,,
42208073,,,,,,,,,
42208073,,,,,,,,,
42405786,,,,,,,,,
42405786,,,,,,,,,
42405786,,,,,,,,,
42405786,,,,,,,,,
42888027,,,,,,,,,
42888027,,,,,,,,,
42888027,,,,,,,,,
42888027,,,,,,,,,
42888027,,,,,,,,,
42888027,,,,,,,,,
48848641,,,,,,,,,
48848641,,,,,,,,,
48848641,,,,,,,,,
48848641,,,,,,,,,
48848641,,,,,,,,,
48848641,,,,,,,,,
48848641,,,,,,,,,
48885456,,,,,,,,,
48885456,,,,,,,,,
48885456,,,,,,,,,
48885456,,,,,,,,,
48885456,,,,,,,,,
49409764,,,,,,,,,
63640829,,,,,,,,,
63640829,,,,,,,,,
63640829,,,,,,,,,
63640829,,,,,,,,,
63640829,,,,,,,,,
63640829,,,,,,,,,
68843873,,,,,,,,,
68843873,,,,,,,,,
68843873,,,,,,,,,
68843873,,,,,,,,,
68843873,,,,,,,,,
68843873,,,,,,,,,
68843873,,,,,,,,,
70955665,,,,,,,,,
70955665,,,,,,,,,
77188931,,,,,,,,,
77188931,,,,,,,,,
77188931,,,,,,,,,
81750824,,,,,,,,,
81750824,,,,,,,,,
81750824,,,,,,,,,
81750824,,,,,,,,,
81831472,,,,,,,,,
81831472,,,,,,,,,
81831472,,,,,,,,,
81831472,,,,,,,,,
83712882,,,,,,,,,
83712882,,,,,,,,,
83712882,,,,,,,,,
83712882,,,,,,,,,
83832513,,,,,,,,,
83832513,,,,,,,,,
83832513,,,,,,,,,
83832513,,,,,,,,,
87270326,,,,,,,,,
99997427,,,,,,,,,
99997427,,,,,,,,,
99997427,,,,,,,,,
100987653,,,,,,,,,
100987653,,,,,,,,,
100987653,,,,,,,,,
100987653,,,,,,,,,
100987653,,,,,,,,,
101228232,,,,,,,,,
101228232,,,,,,,,,
101228232,,,,,,,,,
101228232,,,,,,,,,
101228232,,,,,,,,,
101228232,,,,,,,,,
101228232,,,,,,,,,
101988616,,,,,,,,,
101988616,,,,,,,,,
107346037,,,,,,,,,
107866889,,,,,,,,,
107866889,,,,,,,,,
112868169,,,,,,,,,
112868169,,,,,,,,,
112868169,,,,,,,,,
112868169,,,,,,,,,
112868169,,,,,,,,,
112868169,,,,,,,,,
112868169,,,,,,,,,
113665063,,,,,,,,,
115827721,,,,,,,,,
115827721,,,,,,,,,
115827721,,,,,,,,,
115827721,,,,,,,,,
115827721,,,,,,,,,
116548826,,,,,,,,,
116548826,,,,,,,,,
117948944,,,,,,,,,
117948944,,,,,,,,,
117948944,,,,,,,,,
122504419,,,,,,,,,
122504419,,,,,,,,,
122504419,,,,,,,,,
123622459,,,,,,,,,
123622459,,,,,,,,,
123622459,,,,,,,,,
126458577,,,,,,,,,
126458577,,,,,,,,,
126458577,,,,,,,,,
126458577,,,,,,,,,
127411447,,,,,,,,,
127411447,,,,,,,,,
127411447,,,,,,,,,
130134298,,,,,,,,,
130134298,,,,,,,,,
130134298,,,,,,,,,
130134298,,,,,,,,,
130134298,,,,,,,,,
130134298,,,,,,,,,
132851400,,,,,,,,,
132851400,,,,,,,,,
134090055,,,,,,,,,
134090055,,,,,,,,,
134090055,,,,,,,,,
143799007,,,,,,,,,
143799007,,,,,,,,,
143799007,,,,,,,,,
143799007,,,,,,,,,
145157032,,,,,,,,,
145157032,,,,,,,,,
145798615,,,,,,,,,
145798615,,,,,,,,,
145798615,,,,,,,,,
145798615,,,,,,,,,
145798615,,,,,,,,,
145798615,,,,,,,,,
145798615,,,,,,,,,
145798615,,,,,,,,,
145798615,,,,,,,,,
147836802,,,,,,,,,
147836802,,,,,,,,,
147836802,,,,,,,,,
147836802,,,,,,,,,
147836802,,,,,,,,,
147836802,,,,,,,,,
157392415,,,,,,,,,
157392415,,,,,,,,,
157392415,,,,,,,,,
157706607,,,,,,,,,
157706607,,,,,,,,,
161424495,,,,,,,,,
161424495,,,,,,,,,
161424495,,,,,,,,,
161424495,,,,,,,,,
168213532,,,,,,,,,
168213532,,,,,,,,,
168213532,,,,,,,,,
168213532,,,,,,,,,
169488268,,,,,,,,,
169488268,,,,,,,,,
172894882,,,,,,,,,
174891865,,,,,,,,,
174891865,,,,,,,,,
174891865,,,,,,,,,
174891865,,,,,,,,,
174891865,,,,,,,,,
179772509,,,,,,,,,
182851318,,,,,,,,,
192164375,,,,,,,,,
192164375,,,,,,,,,
192164375,,,,,,,,,
199025279,,,,,,,,,
3835176,,,,,,,,,
3835176,,,,,,,,,
8995318,,,,,,,,,
14490545,,,,,,,,,
14490545,,,,,,,,,
14490545,,,,,,,,,
22861871,,,,,,,,,
22861871,,,,,,,,,
22861871,,,,,,,,,
25389810,,,,,,,,,
27277929,,,,,,,,,
29398960,,,,,,,,,
29398960,,,,,,,,,
29398960,,,,,,,,,
29398960,,,,,,,,,
31120146,,,,,,,,,
31800606,,,,,,,,,
31800606,,,,,,,,,
31800606,,,,,,,,,
31800606,,,,,,,,,
33969353,,,,,,,,,
33969353,,,,,,,,,
33969353,,,,,,,,,
33969353,,,,,,,,,
33969353,,,,,,,,,
33969353,,,,,,,,,
33969353,,,,,,,,,
33969353,,,,,,,,,
33969353,,,,,,,,,
33969353,,,,,,,,,
35373293,,,,,,,,,
35373293,,,,,,,,,
35373293,,,,,,,,,
35373293,,,,,,,,,
41933205,,,,,,,,,
41933205,,,,,,,,,
41933205,,,,,,,,,
43983942,,,,,,,,,
43983942,,,,,,,,,
43983942,,,,,,,,,
43983942,,,,,,,,,
43983942,,,,,,,,,
43983942,,,,,,,,,
43983942,,,,,,,,,
46949246,,,,,,,,,
46949246,,,,,,,,,
46949246,,,,,,,,,
46949246,,,,,,,,,
53476576,,,,,,,,,
56523455,,,,,,,,,
56523455,,,,,,,,,
56523455,,,,,,,,,
56523455,,,,,,,,,
56523455,,,,,,,,,
61008258,,,,,,,,,
61008258,,,,,,,,,
61008258,,,,,,,,,
64135797,,,,,,,,,
64379621,,,,,,,,,
64379621,,,,,,,,,
64379621,,,,,,,,,
64739528,,,,,,,,,
64739528,,,,,,,,,
66655572,,,,,,,,,
66655572,,,,,,,,,
66655572,,,,,,,,,
70215596,,,,,,,,,
70215596,,,,,,,,,
70215596,,,,,,,,,
70215596,,,,,,,,,
70215596,,,,,,,,,
70215596,,,,,,,,,
70215596,,,,,,,,,
70215596,,,,,,,,,
70215596,,,,,,,,,
70215596,,,,,,,,,
76317178,,,,,,,,,
76317178,,,,,,,,,
76479831,,,,,,,,,
79157119,,,,,,,,,
79157119,,,,,,,,,
79157119,,,,,,,,,
79157119,,,,,,,,,
82960866,,,,,,,,,
82960866,,,,,,,,,
82960866,,,,,,,,,
82960866,,,,,,,,,
85484209,,,,,,,,,
85484209,,,,,,,,,
88249844,,,,,,,,,
88249844,,,,,,,,,
88249844,,,,,,,,,
93930776,,,,,,,,,
93930776,,,,,,,,,
93930776,,,,,,,,,
93930776,,,,,,,,,
93930776,,,,,,,,,
93930776,,,,,,,,,
96703830,,,,,,,,,
96703830,,,,,,,,,
96703830,,,,,,,,,
96703830,,,,,,,,,
107805294,,,,,,,,,
108482202,,,,,,,,,
108482202,,,,,,,,,
108482202,,,,,,,,,
108482202,,,,,,,,,
126672235,,,,,,,,,
126672235,,,,,,,,,
126672235,,,,,,,,,
126672235,,,,,,,,,
126672235,,,,,,,,,
126672235,,,,,,,,,
126672235,,,,,,,,,
126672235,,,,,,,,,
126672235,,,,,,,,,
126672235,,,,,,,,,
133203248,,,,,,,,,
133203248,,,,,,,,,
133203248,,,,,,,,,
135614452,,,,,,,,,
135614452,,,,,,,,,
135614452,,,,,,,,,
135614452,,,,,,,,,
135614452,,,,,,,,,
135614452,,,,,,,,,
135614452,,,,,,,,,
135614452,,,,,,,,,
135614452,,,,,,,,,
135614452,,,,,,,,,
135614452,,,,,,,,,
135614452,,,,,,,,,
135614452,,,,,,,,,
135614452,,,,,,,,,
139658727,,,,,,,,,
139658727,,,,,,,,,
139658727,,,,,,,,,
139658727,,,,,,,,,
153442643,,,,,,,,,
153442643,,,,,,,,,
153442643,,,,,,,,,
153442643,,,,,,,,,
159882243,,,,,,,,,
159882243,,,,,,,,,
159882243,,,,,,,,,
161045650,,,,,,,,,
161045650,,,,,,,,,
162285874,,,,,,,,,
162285874,,,,,,,,,
165209528,,,,,,,,,
165209528,,,,,,,,,
165209528,,,,,,,,,
165209528,,,,,,,,,
166206380,,,,,,,,,
166206380,,,,,,,,,
166206380,,,,,,,,,
166206380,,,,,,,,,
169577710,,,,,,,,,
169577710,,,,,,,,,
182036112,,,,,,,,,
182036112,,,,,,,,,
182036112,,,,,,,,,
182036112,,,,,,,,,
183079781,,,,,,,,,
183197823,,,,,,,,,
183717836,,,,,,,,,
184363517,,,,,,,,,
184363517,,,,,,,,,
184363517,,,,,,,,,
184363517,,,,,,,,,
184363517,,,,,,,,,
187170225,,,,,,,,,
187170225,,,,,,,,,
187170225,,,,,,,,,
187170225,,,,,,,,,
187170225,,,,,,,,,
187170225,,,,,,,,,
190822587,,,,,,,,,
190822587,,,,,,,,,
190822587,,,,,,,,,
190822587,,,,,,,,,
190822587,,,,,,,,,
192263951,,,,,,,,,
192263951,,,,,,,,,
192263951,,,,,,,,,
196065870,,,,,,,,,
196065870,,,,,,,,,
196065870,,,,,,,,,
196065870,,,,,,,,,
176478,,,,,,,,,
176478,,,,,,,,,
176478,,,,,,,,,
176478,,,,,,,,,
176478,,,,,,,,,
301914,,,,,,,,,
301914,,,,,,,,,
301914,,,,,,,,,
301914,,,,,,,,,
301914,,,,,,,,,
8333989,,,,,,,,,
8333989,,,,,,,,,
8333989,,,,,,,,,
8333989,,,,,,,,,
8333989,,,,,,,,,
8333989,,,,,,,,,
16285070,,,,,,,,,
16285070,,,,,,,,,
16285070,,,,,,,,,
16285070,,,,,,,,,
21409243,,,,,,,,,
21409243,,,,,,,,,
22005025,,,,,,,,,
27371393,,,,,,,,,
29327993,,,,,,,,,
30488914,,,,,,,,,
30488914,,,,,,,,,
30488914,,,,,,,,,
30488914,,,,,,,,,
30488914,,,,,,,,,
30488914,,,,,,,,,
41762039,,,,,,,,,
41762039,,,,,,,,,
41762039,,,,,,,,,
41762039,,,,,,,,,
41762039,,,,,,,,,
41762039,,,,,,,,,
41762039,,,,,,,,,
41762039,,,,,,,,,
41762039,,,,,,,,,
44803244,,,,,,,,,
44803244,,,,,,,,,
46600725,,,,,,,,,
50506225,,,,,,,,,
50506225,,,,,,,,,
50506225,,,,,,,,,
53825532,,,,,,,,,
53825532,,,,,,,,,
53825532,,,,,,,,,
53825532,,,,,,,,,
53825532,,,,,,,,,
53825532,,,,,,,,,
55709684,,,,,,,,,
55709684,,,,,,,,,
55709684,,,,,,,,,
55709684,,,,,,,,,
55709684,,,,,,,,,
59025818,,,,,,,,,
59025818,,,,,,,,,
59025818,,,,,,,,,
59025818,,,,,,,,,
59025818,,,,,,,,,
59025818,,,,,,,,,
60267557,,,,,,,,,
62305754,,,,,,,,,
62305754,,,,,,,,,
62305754,,,,,,,,,
62305754,,,,,,,,,
62305754,,,,,,,,,
62305754,,,,,,,,,
62425938,,,,,,,,,
62425938,,,,,,,,,
62425938,,,,,,,,,
65226294,,,,,,,,,
65226294,,,,,,,,,
65226294,,,,,,,,,
75305467,,,,,,,,,
75305467,,,,,,,,,
75305467,,,,,,,,,
75305467,,,,,,,,,
75305467,,,,,,,,,
79425046,,,,,,,,,
83866168,,,,,,,,,
87222881,,,,,,,,,
87222881,,,,,,,,,
87222881,,,,,,,,,
87222881,,,,,,,,,
87222881,,,,,,,,,
87222881,,,,,,,,,
89104475,,,,,,,,,
89104475,,,,,,,,,
89104475,,,,,,,,,
92495610,,,,,,,,,
92584364,,,,,,,,,
92584364,,,,,,,,,
92584364,,,,,,,,,
99138874,,,,,,,,,
103415899,,,,,,,,,
103415899,,,,,,,,,
103415899,,,,,,,,,
103415899,,,,,,,,,
103415899,,,,,,,,,
108623212,,,,,,,,,
108623212,,,,,,,,,
108623212,,,,,,,,,
108623212,,,,,,,,,
108623212,,,,,,,,,
108623212,,,,,,,,,
116301948,,,,,,,,,
116301948,,,,,,,,,
116301948,,,,,,,,,
116301948,,,,,,,,,
119615284,,,,,,,,,
119615284,,,,,,,,,
119615284,,,,,,,,,
119615284,,,,,,,,,
119615284,,,,,,,,,
119615284,,,,,,,,,
125402705,,,,,,,,,
125402705,,,,,,,,,
125402705,,,,,,,,,
125402705,,,,,,,,,
126761092,,,,,,,,,
126761092,,,,,,,,,
126761092,,,,,,,,,
127840992,,,,,,,,,
127840992,,,,,,,,,
127840992,,,,,,,,,
127840992,,,,,,,,,
129800537,,,,,,,,,
129800537,,,,,,,,,
129800537,,,,,,,,,
129800537,,,,,,,,,
131355112,,,,,,,,,
131355112,,,,,,,,,
131355112,,,,,,,,,
132355698,,,,,,,,,
132355698,,,,,,,,,
133755547,,,,,,,,,
134917128,,,,,,,,,
134917128,,,,,,,,,
134917128,,,,,,,,,
134917128,,,,,,,,,
134917128,,,,,,,,,
138319203,,,,,,,,,
138319203,,,,,,,,,
138319203,,,,,,,,,
138319203,,,,,,,,,
140915746,,,,,,,,,
140915746,,,,,,,,,
140915746,,,,,,,,,
140915746,,,,,,,,,
143995927,,,,,,,,,
143995927,,,,,,,,,
143995927,,,,,,,,,
146988472,,,,,,,,,
146988472,,,,,,,,,
147988980,,,,,,,,,
147988980,,,,,,,,,
147988980,,,,,,,,,
147988980,,,,,,,,,
149314618,,,,,,,,,
149314618,,,,,,,,,
149314618,,,,,,,,,
149314618,,,,,,,,,
149314618,,,,,,,,,
149314618,,,,,,,,,
151113753,,,,,,,,,
159338486,,,,,,,,,
159338486,,,,,,,,,
162417829,,,,,,,,,
164216153,,,,,,,,,
165770034,,,,,,,,,
165770034,,,,,,,,,
165770034,,,,,,,,,
169334160,,,,,,,,,
169334160,,,,,,,,,
169334160,,,,,,,,,
169334160,,,,,,,,,
186275923,,,,,,,,,
187396572,,,,,,,,,
187396572,,,,,,,,,
191637617,,,,,,,,,
191637617,,,,,,,,,
191637617,,,,,,,,,
191637617,,,,,,,,,
191637617,,,,,,,,,
191637617,,,,,,,,,
191637617,,,,,,,,,
194475658,,,,,,,,,
194475658,,,,,,,,,
